DateTime UTC,MatchHistory,Team1,Team2,WinTeam,Team1Dragons,Team2Dragons,Team1RiftHeralds,Team2RiftHeralds,Team1Barons,Team2Barons,Team1Towers,Team2Towers,Team1Inhibitors,Team2Inhibitors,Team1Gold,Team2Gold,Team1Kills,Team2Kills,Gamelength Number,Gamelength,OverviewPage,Champion,Role,Team,Kills,Deaths,Assists,Gold,CS,CSPM,GPM,KPAR,fptsk,fptsd,fptsa,fptscs,fptstenbonus,fptstotal
2020-06-13 00:40:00,https://matchhistory.na.leagueoflegends.com/en/#match-details/ESPORTSTMNT01/1403832?gameHash=c3ff2293c78d39b4&amp;tab=overview,100 Thieves,Evil Geniuses.NA,Evil Geniuses.NA,3,2,1,1,0,1,4,10,0,2,53378,63994,8,20,33.833333333333,33:50,Ssumday,Ornn,Top,100 Thieves,0,2,5,11268,265,7.832512315271012,333.04433497537275,62.5,0.0,-2.0,10.0,5.3,0,13.3
2020-06-13 00:40:00,https://matchhistory.na.leagueoflegends.com/en/#match-details/ESPORTSTMNT01/1403832?gameHash=c3ff2293c78d39b4&amp;tab=overview,100 Thieves,Evil Geniuses.NA,Evil Geniuses.NA,3,2,1,1,0,1,4,10,0,2,53378,63994,8,20,33.833333333333,33:50,Meteos,Olaf,Jungle,100 Thieves,2,7,3,9970,188,5.556650246305473,294.6798029556679,62.5,6.0,-7.0,6.0,3.7600000000000002,0,8.76
2020-06-13 00:40:00,https://matchhistory.na.leagueoflegends.com/en/#match-details/ESPORTSTMNT01/1403832?gameHash=c3ff2293c78d39b4&amp;tab=overview,100 Thieves,Evil Geniuses.NA,Evil Geniuses.NA,3,2,1,1,0,1,4,10,0,2,53378,63994,8,20,33.833333333333,33:50,Ry0ma,Zoe,Mid,100 Thieves,2,6,4,10603,224,6.6206896551724785,313.38916256157944,75.0,6.0,-6.0,8.0,4.48,0,12.48
2020-06-13 00:40:00,https://matchhistory.na.leagueoflegends.com/en/#match-details/ESPORTSTMNT01/1403832?gameHash=c3ff2293c78d39b4&amp;tab=overview,100 Thieves,Evil Geniuses.NA,Evil Geniuses.NA,3,2,1,1,0,1,4,10,0,2,53378,63994,8,20,33.833333333333,33:50,Cody Sun,Ezreal,Bot,100 Thieves,4,1,1,14779,298,8.807881773399101,436.8177339901521,62.5,12.0,-1.0,2.0,5.96,0,18.96
2020-06-13 00:40:00,https://matchhistory.na.leagueoflegends.com/en/#match-details/ESPORTSTMNT01/1403832?gameHash=c3ff2293c78d39b4&amp;tab=overview,100 Thieves,Evil Geniuses.NA,Evil Geniuses.NA,3,2,1,1,0,1,4,10,0,2,53378,63994,8,20,33.833333333333,33:50,Stunt,Nautilus,Support,100 Thieves,0,4,7,6758,34,1.0049261083743941,199.74384236453398,87.5,0.0,-4.0,14.0,0.68,0,10.68
2020-06-13 00:40:00,https://matchhistory.na.leagueoflegends.com/en/#match-details/ESPORTSTMNT01/1403832?gameHash=c3ff2293c78d39b4&amp;tab=overview,100 Thieves,Evil Geniuses.NA,Evil Geniuses.NA,3,2,1,1,0,1,4,10,0,2,53378,63994,8,20,33.833333333333,33:50,Kumo,Aatrox,Top,Evil Geniuses.NA,4,2,8,13268,251,7.418719211822733,392.15763546798416,60.0,12.0,-2.0,16.0,5.0200000000000005,0,31.02
2020-06-13 00:40:00,https://matchhistory.na.leagueoflegends.com/en/#match-details/ESPORTSTMNT01/1403832?gameHash=c3ff2293c78d39b4&amp;tab=overview,100 Thieves,Evil Geniuses.NA,Evil Geniuses.NA,3,2,1,1,0,1,4,10,0,2,53378,63994,8,20,33.833333333333,33:50,Svenskeren,Kindred,Jungle,Evil Geniuses.NA,2,4,8,11800,208,6.147783251231587,348.76847290640734,50.0,6.0,-4.0,16.0,4.16,0,22.16
2020-06-13 00:40:00,https://matchhistory.na.leagueoflegends.com/en/#match-details/ESPORTSTMNT01/1403832?gameHash=c3ff2293c78d39b4&amp;tab=overview,100 Thieves,Evil Geniuses.NA,Evil Geniuses.NA,3,2,1,1,0,1,4,10,0,2,53378,63994,8,20,33.833333333333,33:50,Jiizuke,Corki,Mid,Evil Geniuses.NA,10,1,6,17718,328,9.694581280788272,523.6847290640445,80.0,30.0,-1.0,12.0,6.5600000000000005,2,49.56
2020-06-13 00:40:00,https://matchhistory.na.leagueoflegends.com/en/#match-details/ESPORTSTMNT01/1403832?gameHash=c3ff2293c78d39b4&amp;tab=overview,100 Thieves,Evil Geniuses.NA,Evil Geniuses.NA,3,2,1,1,0,1,4,10,0,2,53378,63994,8,20,33.833333333333,33:50,Bang,Aphelios,Bot,Evil Geniuses.NA,3,0,7,12570,263,7.773399014778401,371.52709359606274,50.0,9.0,0.0,14.0,5.26,0,28.259999999999998
2020-06-13 00:40:00,https://matchhistory.na.leagueoflegends.com/en/#match-details/ESPORTSTMNT01/1403832?gameHash=c3ff2293c78d39b4&amp;tab=overview,100 Thieves,Evil Geniuses.NA,Evil Geniuses.NA,3,2,1,1,0,1,4,10,0,2,53378,63994,8,20,33.833333333333,33:50,Zeyzal,Yuumi,Support,Evil Geniuses.NA,1,1,18,8638,26,0.7684729064039484,255.31034482758872,95.0,3.0,-1.0,36.0,0.52,2,40.52
2020-06-13 00:50:00,https://matchhistory.na.leagueoflegends.com/en/#match-details/ESPORTSTMNT01/1403840?gameHash=401e7669abc02988&amp;tab=overview,Cloud9,FlyQuest,Cloud9,5,0,2,0,2,0,11,1,3,0,65542,50679,17,11,31,31:00,Licorice,Jayce,Top,Cloud9,6,3,4,15824,279,9.0,510.4516129032258,58.82352941176471,18.0,-3.0,8.0,5.58,0,28.58
2020-06-13 00:50:00,https://matchhistory.na.leagueoflegends.com/en/#match-details/ESPORTSTMNT01/1403840?gameHash=401e7669abc02988&amp;tab=overview,Cloud9,FlyQuest,Cloud9,5,0,2,0,2,0,11,1,3,0,65542,50679,17,11,31,31:00,Blaber,Olaf,Jungle,Cloud9,5,3,7,13523,234,7.548387096774194,436.2258064516129,70.58823529411765,15.0,-3.0,14.0,4.68,0,30.68
2020-06-13 00:50:00,https://matchhistory.na.leagueoflegends.com/en/#match-details/ESPORTSTMNT01/1403840?gameHash=401e7669abc02988&amp;tab=overview,Cloud9,FlyQuest,Cloud9,5,0,2,0,2,0,11,1,3,0,65542,50679,17,11,31,31:00,Nisqy,LeBlanc,Mid,Cloud9,2,2,11,12451,232,7.483870967741935,401.64516129032256,76.47058823529412,6.0,-2.0,22.0,4.64,2,32.64
2020-06-13 00:50:00,https://matchhistory.na.leagueoflegends.com/en/#match-details/ESPORTSTMNT01/1403840?gameHash=401e7669abc02988&amp;tab=overview,Cloud9,FlyQuest,Cloud9,5,0,2,0,2,0,11,1,3,0,65542,50679,17,11,31,31:00,Zven,Aphelios,Bot,Cloud9,3,2,6,15160,308,9.935483870967742,489.03225806451616,52.94117647058824,9.0,-2.0,12.0,6.16,0,25.16
2020-06-13 00:50:00,https://matchhistory.na.leagueoflegends.com/en/#match-details/ESPORTSTMNT01/1403840?gameHash=401e7669abc02988&amp;tab=overview,Cloud9,FlyQuest,Cloud9,5,0,2,0,2,0,11,1,3,0,65542,50679,17,11,31,31:00,Vulcan (Philippe Laflamme),Nautilus,Support,Cloud9,1,1,8,8584,28,0.9032258064516129,276.9032258064516,52.94117647058824,3.0,-1.0,16.0,0.56,0,18.56
2020-06-13 00:50:00,https://matchhistory.na.leagueoflegends.com/en/#match-details/ESPORTSTMNT01/1403840?gameHash=401e7669abc02988&amp;tab=overview,Cloud9,FlyQuest,Cloud9,5,0,2,0,2,0,11,1,3,0,65542,50679,17,11,31,31:00,Solo (Colin Earnest),Sett,Top,FlyQuest,3,6,4,10867,210,6.774193548387097,350.5483870967742,63.63636363636363,9.0,-6.0,8.0,4.2,0,15.2
2020-06-13 00:50:00,https://matchhistory.na.leagueoflegends.com/en/#match-details/ESPORTSTMNT01/1403840?gameHash=401e7669abc02988&amp;tab=overview,Cloud9,FlyQuest,Cloud9,5,0,2,0,2,0,11,1,3,0,65542,50679,17,11,31,31:00,Santorin,Lee Sin,Jungle,FlyQuest,1,3,8,8644,140,4.516129032258065,278.83870967741933,81.81818181818183,3.0,-3.0,16.0,2.8000000000000003,0,18.8
2020-06-13 00:50:00,https://matchhistory.na.leagueoflegends.com/en/#match-details/ESPORTSTMNT01/1403840?gameHash=401e7669abc02988&amp;tab=overview,Cloud9,FlyQuest,Cloud9,5,0,2,0,2,0,11,1,3,0,65542,50679,17,11,31,31:00,PowerOfEvil,Corki,Mid,FlyQuest,4,3,3,12713,290,9.35483870967742,410.0967741935484,63.63636363636363,12.0,-3.0,6.0,5.8,0,20.8
2020-06-13 00:50:00,https://matchhistory.na.leagueoflegends.com/en/#match-details/ESPORTSTMNT01/1403840?gameHash=401e7669abc02988&amp;tab=overview,Cloud9,FlyQuest,Cloud9,5,0,2,0,2,0,11,1,3,0,65542,50679,17,11,31,31:00,WildTurtle,Ezreal,Bot,FlyQuest,3,2,5,12371,271,8.741935483870968,399.06451612903226,72.72727272727273,9.0,-2.0,10.0,5.42,0,22.42
2020-06-13 00:50:00,https://matchhistory.na.leagueoflegends.com/en/#match-details/ESPORTSTMNT01/1403840?gameHash=401e7669abc02988&amp;tab=overview,Cloud9,FlyQuest,Cloud9,5,0,2,0,2,0,11,1,3,0,65542,50679,17,11,31,31:00,IgNar,Karma,Support,FlyQuest,0,3,6,6084,28,0.9032258064516129,196.25806451612902,54.54545454545454,0.0,-3.0,12.0,0.56,0,9.56
2020-06-13 18:34:00,https://matchhistory.na.leagueoflegends.com/en/#match-details/ESPORTSTMNT01/1414076?gameHash=7f522b030a239b25,Evil Geniuses.NA,Counter Logic Gaming,Evil Geniuses.NA,3,0,2,0,1,0,11,0,2,0,50358,35393,12,0,24.15,24:09,Kumo,Poppy,Top,Evil Geniuses.NA,2,0,4,10842,218,9.026915113871636,448.944099378882,50.0,6.0,0.0,8.0,4.36,0,18.36
2020-06-13 18:34:00,https://matchhistory.na.leagueoflegends.com/en/#match-details/ESPORTSTMNT01/1414076?gameHash=7f522b030a239b25,Evil Geniuses.NA,Counter Logic Gaming,Evil Geniuses.NA,3,0,2,0,1,0,11,0,2,0,50358,35393,12,0,24.15,24:09,Svenskeren,Trundle,Jungle,Evil Geniuses.NA,0,0,6,8466,144,5.962732919254659,350.55900621118013,50.0,0.0,0.0,12.0,2.88,0,14.879999999999999
2020-06-13 18:34:00,https://matchhistory.na.leagueoflegends.com/en/#match-details/ESPORTSTMNT01/1414076?gameHash=7f522b030a239b25,Evil Geniuses.NA,Counter Logic Gaming,Evil Geniuses.NA,3,0,2,0,1,0,11,0,2,0,50358,35393,12,0,24.15,24:09,Jiizuke,Twisted Fate,Mid,Evil Geniuses.NA,4,0,2,12291,223,9.233954451345756,508.944099378882,50.0,12.0,0.0,4.0,4.46,0,20.46
2020-06-13 18:34:00,https://matchhistory.na.leagueoflegends.com/en/#match-details/ESPORTSTMNT01/1414076?gameHash=7f522b030a239b25,Evil Geniuses.NA,Counter Logic Gaming,Evil Geniuses.NA,3,0,2,0,1,0,11,0,2,0,50358,35393,12,0,24.15,24:09,Bang,Aphelios,Bot,Evil Geniuses.NA,5,0,2,11801,257,10.641821946169772,488.65424430641826,58.333333333333336,15.0,0.0,4.0,5.14,0,24.14
2020-06-13 18:34:00,https://matchhistory.na.leagueoflegends.com/en/#match-details/ESPORTSTMNT01/1414076?gameHash=7f522b030a239b25,Evil Geniuses.NA,Counter Logic Gaming,Evil Geniuses.NA,3,0,2,0,1,0,11,0,2,0,50358,35393,12,0,24.15,24:09,Zeyzal,Lulu,Support,Evil Geniuses.NA,1,0,6,6958,35,1.4492753623188406,288.1159420289855,58.333333333333336,3.0,0.0,12.0,0.7000000000000001,0,15.7
2020-06-13 18:34:00,https://matchhistory.na.leagueoflegends.com/en/#match-details/ESPORTSTMNT01/1414076?gameHash=7f522b030a239b25,Evil Geniuses.NA,Counter Logic Gaming,Evil Geniuses.NA,3,0,2,0,1,0,11,0,2,0,50358,35393,12,0,24.15,24:09,Ruin,Jayce,Top,Counter Logic Gaming,0,4,0,7702,206,8.530020703933747,318.9233954451346,0,0.0,-4.0,0.0,4.12,0,0.1200000000000001
2020-06-13 18:34:00,https://matchhistory.na.leagueoflegends.com/en/#match-details/ESPORTSTMNT01/1414076?gameHash=7f522b030a239b25,Evil Geniuses.NA,Counter Logic Gaming,Evil Geniuses.NA,3,0,2,0,1,0,11,0,2,0,50358,35393,12,0,24.15,24:09,Griffin (Raymond Griffin),Nidalee,Jungle,Counter Logic Gaming,0,4,0,6749,137,5.6728778467908905,279.4616977225673,0,0.0,-4.0,0.0,2.74,0,-1.2599999999999998
2020-06-13 18:34:00,https://matchhistory.na.leagueoflegends.com/en/#match-details/ESPORTSTMNT01/1414076?gameHash=7f522b030a239b25,Evil Geniuses.NA,Counter Logic Gaming,Evil Geniuses.NA,3,0,2,0,1,0,11,0,2,0,50358,35393,12,0,24.15,24:09,Pobelter,Cassiopeia,Mid,Counter Logic Gaming,0,2,0,8587,248,10.269151138716357,355.56935817805385,0,0.0,-2.0,0.0,4.96,0,2.96
2020-06-13 18:34:00,https://matchhistory.na.leagueoflegends.com/en/#match-details/ESPORTSTMNT01/1414076?gameHash=7f522b030a239b25,Evil Geniuses.NA,Counter Logic Gaming,Evil Geniuses.NA,3,0,2,0,1,0,11,0,2,0,50358,35393,12,0,24.15,24:09,Stixxay,Ezreal,Bot,Counter Logic Gaming,0,1,0,7893,214,8.86128364389234,326.832298136646,0,0.0,-1.0,0.0,4.28,0,3.2800000000000002
2020-06-13 18:34:00,https://matchhistory.na.leagueoflegends.com/en/#match-details/ESPORTSTMNT01/1414076?gameHash=7f522b030a239b25,Evil Geniuses.NA,Counter Logic Gaming,Evil Geniuses.NA,3,0,2,0,1,0,11,0,2,0,50358,35393,12,0,24.15,24:09,Smoothie,Yuumi,Support,Counter Logic Gaming,0,1,0,4462,21,0.8695652173913044,184.76190476190476,0,0.0,-1.0,0.0,0.42,0,-0.5800000000000001
2020-06-13 19:36:00,https://matchhistory.na.leagueoflegends.com/en/#match-details/ESPORTSTMNT01/1414100?gameHash=2ff8c9ad63d373af&amp;tab=overview,TSM,Team Liquid,Team Liquid,1,3,0,2,0,1,1,10,0,2,36447,49418,2,13,25.1,25:06,Broken Blade,Aatrox,Top,TSM,0,1,0,6659,170,6.772908366533864,265.2988047808765,0.0,0.0,-1.0,0.0,3.4,0,2.4
2020-06-13 19:36:00,https://matchhistory.na.leagueoflegends.com/en/#match-details/ESPORTSTMNT01/1414100?gameHash=2ff8c9ad63d373af&amp;tab=overview,TSM,Team Liquid,Team Liquid,1,3,0,2,0,1,1,10,0,2,36447,49418,2,13,25.1,25:06,Spica,Kayn,Jungle,TSM,1,3,0,7193,125,4.9800796812749,286.57370517928285,50.0,3.0,-3.0,0.0,2.5,0,2.5
2020-06-13 19:36:00,https://matchhistory.na.leagueoflegends.com/en/#match-details/ESPORTSTMNT01/1414100?gameHash=2ff8c9ad63d373af&amp;tab=overview,TSM,Team Liquid,Team Liquid,1,3,0,2,0,1,1,10,0,2,36447,49418,2,13,25.1,25:06,Bjergsen,Syndra,Mid,TSM,0,2,2,8332,228,9.083665338645417,331.95219123505973,100.0,0.0,-2.0,4.0,4.5600000000000005,0,6.5600000000000005
2020-06-13 19:36:00,https://matchhistory.na.leagueoflegends.com/en/#match-details/ESPORTSTMNT01/1414100?gameHash=2ff8c9ad63d373af&amp;tab=overview,TSM,Team Liquid,Team Liquid,1,3,0,2,0,1,1,10,0,2,36447,49418,2,13,25.1,25:06,Doublelift,Kalista,Bot,TSM,1,3,1,9089,225,8.96414342629482,362.1115537848605,100.0,3.0,-3.0,2.0,4.5,0,6.5
2020-06-13 19:36:00,https://matchhistory.na.leagueoflegends.com/en/#match-details/ESPORTSTMNT01/1414100?gameHash=2ff8c9ad63d373af&amp;tab=overview,TSM,Team Liquid,Team Liquid,1,3,0,2,0,1,1,10,0,2,36447,49418,2,13,25.1,25:06,Biofrost,Taric,Support,TSM,0,4,1,5174,34,1.3545816733067728,206.13545816733065,50.0,0.0,-4.0,2.0,0.68,0,-1.3199999999999998
2020-06-13 19:36:00,https://matchhistory.na.leagueoflegends.com/en/#match-details/ESPORTSTMNT01/1414100?gameHash=2ff8c9ad63d373af&amp;tab=overview,TSM,Team Liquid,Team Liquid,1,3,0,2,0,1,1,10,0,2,36447,49418,2,13,25.1,25:06,Impact,Mordekaiser,Top,Team Liquid,1,0,3,9066,199,7.928286852589641,361.195219123506,30.76923076923077,3.0,0.0,6.0,3.98,0,12.98
2020-06-13 19:36:00,https://matchhistory.na.leagueoflegends.com/en/#match-details/ESPORTSTMNT01/1414100?gameHash=2ff8c9ad63d373af&amp;tab=overview,TSM,Team Liquid,Team Liquid,1,3,0,2,0,1,1,10,0,2,36447,49418,2,13,25.1,25:06,Broxah,Trundle,Jungle,Team Liquid,2,0,9,8483,112,4.46215139442231,337.9681274900398,84.61538461538461,6.0,0.0,18.0,2.24,0,26.240000000000002
2020-06-13 19:36:00,https://matchhistory.na.leagueoflegends.com/en/#match-details/ESPORTSTMNT01/1414100?gameHash=2ff8c9ad63d373af&amp;tab=overview,TSM,Team Liquid,Team Liquid,1,3,0,2,0,1,1,10,0,2,36447,49418,2,13,25.1,25:06,Jensen,Azir,Mid,Team Liquid,2,1,6,11038,256,10.199203187250996,439.76095617529876,61.53846153846154,6.0,-1.0,12.0,5.12,0,22.12
2020-06-13 19:36:00,https://matchhistory.na.leagueoflegends.com/en/#match-details/ESPORTSTMNT01/1414100?gameHash=2ff8c9ad63d373af&amp;tab=overview,TSM,Team Liquid,Team Liquid,1,3,0,2,0,1,1,10,0,2,36447,49418,2,13,25.1,25:06,Tactical,Aphelios,Bot,Team Liquid,7,0,6,13283,241,9.601593625498007,529.2031872509959,100.0,21.0,0.0,12.0,4.82,0,37.82
2020-06-13 19:36:00,https://matchhistory.na.leagueoflegends.com/en/#match-details/ESPORTSTMNT01/1414100?gameHash=2ff8c9ad63d373af&amp;tab=overview,TSM,Team Liquid,Team Liquid,1,3,0,2,0,1,1,10,0,2,36447,49418,2,13,25.1,25:06,CoreJJ,Bard,Support,Team Liquid,1,1,12,7548,31,1.2350597609561753,300.71713147410355,100.0,3.0,-1.0,24.0,0.62,2,28.62
2020-06-13 20:42:00,https://matchhistory.na.leagueoflegends.com/en/#match-details/ESPORTSTMNT01/1414121?gameHash=e55753db5a07c278&amp;tab=overview,Immortals,FlyQuest,FlyQuest,1,4,1,1,0,2,2,11,0,3,48796,62497,6,19,31.183333333333,31:11,SOAZ,Karma,Top,Immortals,0,3,4,10288,243,7.7926242650989614,329.9198289684696,66.66666666666666,0.0,-3.0,8.0,4.86,0,9.86
2020-06-13 20:42:00,https://matchhistory.na.leagueoflegends.com/en/#match-details/ESPORTSTMNT01/1414121?gameHash=e55753db5a07c278&amp;tab=overview,Immortals,FlyQuest,FlyQuest,1,4,1,1,0,2,2,11,0,3,48796,62497,6,19,31.183333333333,31:11,Potluck,Graves,Jungle,Immortals,1,3,4,9823,213,6.830571886691682,315.00801710315676,83.33333333333334,3.0,-3.0,8.0,4.26,0,12.26
2020-06-13 20:42:00,https://matchhistory.na.leagueoflegends.com/en/#match-details/ESPORTSTMNT01/1414121?gameHash=e55753db5a07c278&amp;tab=overview,Immortals,FlyQuest,FlyQuest,1,4,1,1,0,2,2,11,0,3,48796,62497,6,19,31.183333333333,31:11,Eika,Galio,Mid,Immortals,3,5,3,10966,232,7.439871726349625,351.6622127204741,100.0,9.0,-5.0,6.0,4.64,0,14.64
2020-06-13 20:42:00,https://matchhistory.na.leagueoflegends.com/en/#match-details/ESPORTSTMNT01/1414121?gameHash=e55753db5a07c278&amp;tab=overview,Immortals,FlyQuest,FlyQuest,1,4,1,1,0,2,2,11,0,3,48796,62497,6,19,31.183333333333,31:11,Altec,Kai'Sa,Bot,Immortals,1,3,0,11523,284,9.107429182255576,369.5243185462359,16.666666666666664,3.0,-3.0,0.0,5.68,0,5.68
2020-06-13 20:42:00,https://matchhistory.na.leagueoflegends.com/en/#match-details/ESPORTSTMNT01/1414121?gameHash=e55753db5a07c278&amp;tab=overview,Immortals,FlyQuest,FlyQuest,1,4,1,1,0,2,2,11,0,3,48796,62497,6,19,31.183333333333,31:11,Gate,Nautilus,Support,Immortals,1,5,2,6196,28,0.8979155531801272,198.69588455371672,50.0,3.0,-5.0,4.0,0.56,0,2.56
2020-06-13 20:42:00,https://matchhistory.na.leagueoflegends.com/en/#match-details/ESPORTSTMNT01/1414121?gameHash=e55753db5a07c278&amp;tab=overview,Immortals,FlyQuest,FlyQuest,1,4,1,1,0,2,2,11,0,3,48796,62497,6,19,31.183333333333,31:11,Solo (Colin Earnest),Sett,Top,FlyQuest,3,2,6,12895,239,7.664350614644657,413.52218065206216,47.368421052631575,9.0,-2.0,12.0,4.78,0,23.78
2020-06-13 20:42:00,https://matchhistory.na.leagueoflegends.com/en/#match-details/ESPORTSTMNT01/1414121?gameHash=e55753db5a07c278&amp;tab=overview,Immortals,FlyQuest,FlyQuest,1,4,1,1,0,2,2,11,0,3,48796,62497,6,19,31.183333333333,31:11,Santorin,Kindred,Jungle,FlyQuest,4,0,10,11961,182,5.836451095670827,383.5702832709822,73.68421052631578,12.0,0.0,20.0,3.64,2,37.64
2020-06-13 20:42:00,https://matchhistory.na.leagueoflegends.com/en/#match-details/ESPORTSTMNT01/1414121?gameHash=e55753db5a07c278&amp;tab=overview,Immortals,FlyQuest,FlyQuest,1,4,1,1,0,2,2,11,0,3,48796,62497,6,19,31.183333333333,31:11,PowerOfEvil,Cassiopeia,Mid,FlyQuest,6,3,8,14913,310,9.94120791020855,478.23623730625843,73.68421052631578,18.0,-3.0,16.0,6.2,0,37.2
2020-06-13 20:42:00,https://matchhistory.na.leagueoflegends.com/en/#match-details/ESPORTSTMNT01/1414121?gameHash=e55753db5a07c278&amp;tab=overview,Immortals,FlyQuest,FlyQuest,1,4,1,1,0,2,2,11,0,3,48796,62497,6,19,31.183333333333,31:11,WildTurtle,Ezreal,Bot,FlyQuest,5,0,7,14383,306,9.812934259754247,461.2399786210632,63.1578947368421,15.0,0.0,14.0,6.12,0,35.12
2020-06-13 20:42:00,https://matchhistory.na.leagueoflegends.com/en/#match-details/ESPORTSTMNT01/1414121?gameHash=e55753db5a07c278&amp;tab=overview,Immortals,FlyQuest,FlyQuest,1,4,1,1,0,2,2,11,0,3,48796,62497,6,19,31.183333333333,31:11,IgNar,Rakan,Support,FlyQuest,1,1,15,8345,37,1.186531266702311,267.6109032602915,84.21052631578947,3.0,-1.0,30.0,0.74,2,34.74
2020-06-13 21:38:00,https://matchhistory.na.leagueoflegends.com/en/#match-details/ESPORTSTMNT01/1414138?gameHash=b11490bbb1cf37eb&amp;tab=overview,Golden Guardians,Dignitas,Golden Guardians,5,1,2,0,1,0,11,1,3,0,75375,62071,15,7,38.466666666667,38:28,Hauntzer,Renekton,Top,Golden Guardians,0,2,10,15038,329,8.552859618717429,390.9358752166344,66.66666666666666,0.0,-2.0,20.0,6.58,2,26.58
2020-06-13 21:38:00,https://matchhistory.na.leagueoflegends.com/en/#match-details/ESPORTSTMNT01/1414138?gameHash=b11490bbb1cf37eb&amp;tab=overview,Golden Guardians,Dignitas,Golden Guardians,5,1,2,0,1,0,11,1,3,0,75375,62071,15,7,38.466666666667,38:28,Closer (Can Çelik),Graves,Jungle,Golden Guardians,2,1,7,14752,302,7.850953206239099,383.5008665511232,60.0,6.0,-1.0,14.0,6.04,0,25.04
2020-06-13 21:38:00,https://matchhistory.na.leagueoflegends.com/en/#match-details/ESPORTSTMNT01/1414138?gameHash=b11490bbb1cf37eb&amp;tab=overview,Golden Guardians,Dignitas,Golden Guardians,5,1,2,0,1,0,11,1,3,0,75375,62071,15,7,38.466666666667,38:28,Damonte,Ekko,Mid,Golden Guardians,6,2,5,17582,394,10.242634315424521,457.07105719237035,73.33333333333333,18.0,-2.0,10.0,7.88,0,33.88
2020-06-13 21:38:00,https://matchhistory.na.leagueoflegends.com/en/#match-details/ESPORTSTMNT01/1414138?gameHash=b11490bbb1cf37eb&amp;tab=overview,Golden Guardians,Dignitas,Golden Guardians,5,1,2,0,1,0,11,1,3,0,75375,62071,15,7,38.466666666667,38:28,FBI,Kai'Sa,Bot,Golden Guardians,6,2,5,18504,389,10.112651646447052,481.03986135181555,73.33333333333333,18.0,-2.0,10.0,7.78,0,33.78
2020-06-13 21:38:00,https://matchhistory.na.leagueoflegends.com/en/#match-details/ESPORTSTMNT01/1414138?gameHash=b11490bbb1cf37eb&amp;tab=overview,Golden Guardians,Dignitas,Golden Guardians,5,1,2,0,1,0,11,1,3,0,75375,62071,15,7,38.466666666667,38:28,Huhi,Thresh,Support,Golden Guardians,1,0,11,9499,43,1.1178509532062295,246.94107452339472,80.0,3.0,0.0,22.0,0.86,2,27.86
2020-06-13 21:38:00,https://matchhistory.na.leagueoflegends.com/en/#match-details/ESPORTSTMNT01/1414138?gameHash=b11490bbb1cf37eb&amp;tab=overview,Golden Guardians,Dignitas,Golden Guardians,5,1,2,0,1,0,11,1,3,0,75375,62071,15,7,38.466666666667,38:28,V1per,Sett,Top,Dignitas,1,4,5,13209,314,8.162911611785024,343.3882149046764,85.71428571428571,3.0,-4.0,10.0,6.28,0,15.280000000000001
2020-06-13 21:38:00,https://matchhistory.na.leagueoflegends.com/en/#match-details/ESPORTSTMNT01/1414138?gameHash=b11490bbb1cf37eb&amp;tab=overview,Golden Guardians,Dignitas,Golden Guardians,5,1,2,0,1,0,11,1,3,0,75375,62071,15,7,38.466666666667,38:28,Akaadian,Trundle,Jungle,Dignitas,2,3,4,10926,187,4.861351819757323,284.03812824956424,85.71428571428571,6.0,-3.0,8.0,3.74,0,14.74
2020-06-13 21:38:00,https://matchhistory.na.leagueoflegends.com/en/#match-details/ESPORTSTMNT01/1414138?gameHash=b11490bbb1cf37eb&amp;tab=overview,Golden Guardians,Dignitas,Golden Guardians,5,1,2,0,1,0,11,1,3,0,75375,62071,15,7,38.466666666667,38:28,Froggen,Orianna,Mid,Dignitas,2,1,4,15302,405,10.528596187174951,397.7989601386447,85.71428571428571,6.0,-1.0,8.0,8.1,0,21.1
2020-06-13 21:38:00,https://matchhistory.na.leagueoflegends.com/en/#match-details/ESPORTSTMNT01/1414138?gameHash=b11490bbb1cf37eb&amp;tab=overview,Golden Guardians,Dignitas,Golden Guardians,5,1,2,0,1,0,11,1,3,0,75375,62071,15,7,38.466666666667,38:28,Johnsun,Ezreal,Bot,Dignitas,1,2,4,14933,359,9.332755632582241,388.2062391681075,71.42857142857143,3.0,-2.0,8.0,7.18,0,16.18
2020-06-13 21:38:00,https://matchhistory.na.leagueoflegends.com/en/#match-details/ESPORTSTMNT01/1414138?gameHash=b11490bbb1cf37eb&amp;tab=overview,Golden Guardians,Dignitas,Golden Guardians,5,1,2,0,1,0,11,1,3,0,75375,62071,15,7,38.466666666667,38:28,Aphromoo,Leona,Support,Dignitas,1,5,4,7701,39,1.0138648180242547,200.19930675909703,71.42857142857143,3.0,-5.0,8.0,0.78,0,6.78
2020-06-14 18:42:00,http://matchhistory.na.leagueoflegends.com/en/#match-details/ESPORTSTMNT01/1404251?gameHash=e740678857954619,Cloud9,100 Thieves,Cloud9,3,1,1,1,1,0,11,1,3,0,54566,40508,14,2,25.966666666667,25:58,Licorice,Gangplank,Top,Cloud9,1,1,7,12281,244,9.396662387676388,472.95250320923657,57.14285714285714,3.0,-1.0,14.0,4.88,0,20.88
2020-06-14 18:42:00,http://matchhistory.na.leagueoflegends.com/en/#match-details/ESPORTSTMNT01/1404251?gameHash=e740678857954619,Cloud9,100 Thieves,Cloud9,3,1,1,1,1,0,11,1,3,0,54566,40508,14,2,25.966666666667,25:58,Blaber,Olaf,Jungle,Cloud9,4,1,6,11306,213,8.202824133504388,435.40436456995593,71.42857142857143,12.0,-1.0,12.0,4.26,0,27.259999999999998
2020-06-14 18:42:00,http://matchhistory.na.leagueoflegends.com/en/#match-details/ESPORTSTMNT01/1404251?gameHash=e740678857954619,Cloud9,100 Thieves,Cloud9,3,1,1,1,1,0,11,1,3,0,54566,40508,14,2,25.966666666667,25:58,Nisqy,Galio,Mid,Cloud9,4,0,8,11735,228,8.780487804877936,451.9255455712394,85.71428571428571,12.0,0.0,16.0,4.5600000000000005,0,32.56
2020-06-14 18:42:00,http://matchhistory.na.leagueoflegends.com/en/#match-details/ESPORTSTMNT01/1404251?gameHash=e740678857954619,Cloud9,100 Thieves,Cloud9,3,1,1,1,1,0,11,1,3,0,54566,40508,14,2,25.966666666667,25:58,Zven,Ezreal,Bot,Cloud9,4,0,4,12599,275,10.590500641848388,485.1989730423558,57.14285714285714,12.0,0.0,8.0,5.5,0,25.5
2020-06-14 18:42:00,http://matchhistory.na.leagueoflegends.com/en/#match-details/ESPORTSTMNT01/1404251?gameHash=e740678857954619,Cloud9,100 Thieves,Cloud9,3,1,1,1,1,0,11,1,3,0,54566,40508,14,2,25.966666666667,25:58,Vulcan (Philippe Laflamme),Yuumi,Support,Cloud9,1,0,8,6645,3,0.11553273427470968,255.90500641848197,64.28571428571429,3.0,0.0,16.0,0.06,0,19.06
2020-06-14 18:42:00,http://matchhistory.na.leagueoflegends.com/en/#match-details/ESPORTSTMNT01/1404251?gameHash=e740678857954619,Cloud9,100 Thieves,Cloud9,3,1,1,1,1,0,11,1,3,0,54566,40508,14,2,25.966666666667,25:58,Ssumday,Ornn,Top,100 Thieves,1,1,0,9058,219,8.433889602053807,348.83183568677345,50.0,3.0,-1.0,0.0,4.38,0,6.38
2020-06-14 18:42:00,http://matchhistory.na.leagueoflegends.com/en/#match-details/ESPORTSTMNT01/1404251?gameHash=e740678857954619,Cloud9,100 Thieves,Cloud9,3,1,1,1,1,0,11,1,3,0,54566,40508,14,2,25.966666666667,25:58,Meteos,Kindred,Jungle,100 Thieves,0,5,2,7472,145,5.584082156610968,287.75353016687694,100.0,0.0,-5.0,4.0,2.9,0,1.9
2020-06-14 18:42:00,http://matchhistory.na.leagueoflegends.com/en/#match-details/ESPORTSTMNT01/1404251?gameHash=e740678857954619,Cloud9,100 Thieves,Cloud9,3,1,1,1,1,0,11,1,3,0,54566,40508,14,2,25.966666666667,25:58,Ry0ma,Azir,Mid,100 Thieves,0,4,1,9282,252,9.704749679075613,357.4582798459518,50.0,0.0,-4.0,2.0,5.04,0,3.04
2020-06-14 18:42:00,http://matchhistory.na.leagueoflegends.com/en/#match-details/ESPORTSTMNT01/1404251?gameHash=e740678857954619,Cloud9,100 Thieves,Cloud9,3,1,1,1,1,0,11,1,3,0,54566,40508,14,2,25.966666666667,25:58,Cody Sun,Aphelios,Bot,100 Thieves,1,0,0,9632,259,9.974326059049936,370.9370988446679,50.0,3.0,0.0,0.0,5.18,0,8.18
2020-06-14 18:42:00,http://matchhistory.na.leagueoflegends.com/en/#match-details/ESPORTSTMNT01/1404251?gameHash=e740678857954619,Cloud9,100 Thieves,Cloud9,3,1,1,1,1,0,11,1,3,0,54566,40508,14,2,25.966666666667,25:58,Stunt,Nautilus,Support,100 Thieves,0,4,1,5064,29,1.1168164313221938,195.01925545570995,50.0,0.0,-4.0,2.0,0.58,0,-1.42
2020-06-14 19:31:00,https://matchhistory.na.leagueoflegends.com/en/#match-details/ESPORTSTMNT01/1404256?gameHash=e22cc108bc77ad3a&amp;tab=overview,Dignitas,TSM,TSM,0,4,0,2,0,1,1,11,0,2,38769,51321,2,13,25.55,25:33,V1per,Sett,Top,Dignitas,0,4,1,7056,163,6.379647749510763,276.16438356164383,50.0,0.0,-4.0,2.0,3.2600000000000002,0,1.2600000000000002
2020-06-14 19:31:00,https://matchhistory.na.leagueoflegends.com/en/#match-details/ESPORTSTMNT01/1404256?gameHash=e22cc108bc77ad3a&amp;tab=overview,Dignitas,TSM,TSM,0,4,0,2,0,1,1,11,0,2,38769,51321,2,13,25.55,25:33,Akaadian,Nidalee,Jungle,Dignitas,1,2,1,8715,178,6.966731898238748,341.0958904109589,100.0,3.0,-2.0,2.0,3.56,0,6.5600000000000005
2020-06-14 19:31:00,https://matchhistory.na.leagueoflegends.com/en/#match-details/ESPORTSTMNT01/1404256?gameHash=e22cc108bc77ad3a&amp;tab=overview,Dignitas,TSM,TSM,0,4,0,2,0,1,1,11,0,2,38769,51321,2,13,25.55,25:33,Froggen,Orianna,Mid,Dignitas,1,3,1,8451,212,8.297455968688846,330.76320939334636,100.0,3.0,-3.0,2.0,4.24,0,6.24
2020-06-14 19:31:00,https://matchhistory.na.leagueoflegends.com/en/#match-details/ESPORTSTMNT01/1404256?gameHash=e22cc108bc77ad3a&amp;tab=overview,Dignitas,TSM,TSM,0,4,0,2,0,1,1,11,0,2,38769,51321,2,13,25.55,25:33,Johnsun,Ezreal,Bot,Dignitas,0,2,0,9414,224,8.767123287671232,368.45401174168296,0.0,0.0,-2.0,0.0,4.48,0,2.4800000000000004
2020-06-14 19:31:00,https://matchhistory.na.leagueoflegends.com/en/#match-details/ESPORTSTMNT01/1404256?gameHash=e22cc108bc77ad3a&amp;tab=overview,Dignitas,TSM,TSM,0,4,0,2,0,1,1,11,0,2,38769,51321,2,13,25.55,25:33,Aphromoo,Lulu,Support,Dignitas,0,2,1,5133,40,1.5655577299412915,200.90019569471625,50.0,0.0,-2.0,2.0,0.8,0,0.8
2020-06-14 19:31:00,https://matchhistory.na.leagueoflegends.com/en/#match-details/ESPORTSTMNT01/1404256?gameHash=e22cc108bc77ad3a&amp;tab=overview,Dignitas,TSM,TSM,0,4,0,2,0,1,1,11,0,2,38769,51321,2,13,25.55,25:33,Broken Blade,Aatrox,Top,TSM,1,1,4,9822,203,7.945205479452055,384.42270058708414,38.46153846153847,3.0,-1.0,8.0,4.0600000000000005,0,14.06
2020-06-14 19:31:00,https://matchhistory.na.leagueoflegends.com/en/#match-details/ESPORTSTMNT01/1404256?gameHash=e22cc108bc77ad3a&amp;tab=overview,Dignitas,TSM,TSM,0,4,0,2,0,1,1,11,0,2,38769,51321,2,13,25.55,25:33,Spica,Trundle,Jungle,TSM,2,1,5,8659,134,5.244618395303327,338.90410958904107,53.84615384615385,6.0,-1.0,10.0,2.68,0,17.68
2020-06-14 19:31:00,https://matchhistory.na.leagueoflegends.com/en/#match-details/ESPORTSTMNT01/1404256?gameHash=e22cc108bc77ad3a&amp;tab=overview,Dignitas,TSM,TSM,0,4,0,2,0,1,1,11,0,2,38769,51321,2,13,25.55,25:33,Bjergsen,Corki,Mid,TSM,5,0,5,12279,270,10.567514677103718,480.58708414872797,76.92307692307693,15.0,0.0,10.0,5.4,0,30.4
2020-06-14 19:31:00,https://matchhistory.na.leagueoflegends.com/en/#match-details/ESPORTSTMNT01/1404256?gameHash=e22cc108bc77ad3a&amp;tab=overview,Dignitas,TSM,TSM,0,4,0,2,0,1,1,11,0,2,38769,51321,2,13,25.55,25:33,Doublelift,Miss Fortune,Bot,TSM,4,0,2,12911,270,10.567514677103718,505.32289628180035,46.15384615384615,12.0,0.0,4.0,5.4,0,21.4
2020-06-14 19:31:00,https://matchhistory.na.leagueoflegends.com/en/#match-details/ESPORTSTMNT01/1404256?gameHash=e22cc108bc77ad3a&amp;tab=overview,Dignitas,TSM,TSM,0,4,0,2,0,1,1,11,0,2,38769,51321,2,13,25.55,25:33,Biofrost,Yuumi,Support,TSM,1,0,10,7650,32,1.2524461839530332,299.41291585127203,84.61538461538461,3.0,0.0,20.0,0.64,2,25.64
2020-06-14 20:27:00,https://matchhistory.na.leagueoflegends.com/en/#match-details/ESPORTSTMNT01/1404270?gameHash=726af1a1baad00cb&amp;tab=overview,Team Liquid,Golden Guardians,Team Liquid,2,4,1,1,1,0,10,5,2,0,71622,67360,12,6,40.05,40:03,Impact,Mordekaiser,Top,Team Liquid,3,3,3,15010,314,7.84019975031211,374.7815230961299,50.0,9.0,-3.0,6.0,6.28,0,18.28
2020-06-14 20:27:00,https://matchhistory.na.leagueoflegends.com/en/#match-details/ESPORTSTMNT01/1404270?gameHash=726af1a1baad00cb&amp;tab=overview,Team Liquid,Golden Guardians,Team Liquid,2,4,1,1,1,0,10,5,2,0,71622,67360,12,6,40.05,40:03,Broxah,Trundle,Jungle,Team Liquid,0,1,10,11465,187,4.669163545568041,286.26716604244695,83.33333333333334,0.0,-1.0,20.0,3.74,2,24.740000000000002
2020-06-14 20:27:00,https://matchhistory.na.leagueoflegends.com/en/#match-details/ESPORTSTMNT01/1404270?gameHash=726af1a1baad00cb&amp;tab=overview,Team Liquid,Golden Guardians,Team Liquid,2,4,1,1,1,0,10,5,2,0,71622,67360,12,6,40.05,40:03,Jensen,Orianna,Mid,Team Liquid,4,0,4,17535,393,9.812734082397004,437.82771535580525,66.66666666666666,12.0,0.0,8.0,7.86,0,27.86
2020-06-14 20:27:00,https://matchhistory.na.leagueoflegends.com/en/#match-details/ESPORTSTMNT01/1404270?gameHash=726af1a1baad00cb&amp;tab=overview,Team Liquid,Golden Guardians,Team Liquid,2,4,1,1,1,0,10,5,2,0,71622,67360,12,6,40.05,40:03,Tactical,Aphelios,Bot,Team Liquid,5,1,4,18604,416,10.38701622971286,464.51935081148565,75.0,15.0,-1.0,8.0,8.32,0,30.32
2020-06-14 20:27:00,https://matchhistory.na.leagueoflegends.com/en/#match-details/ESPORTSTMNT01/1404270?gameHash=726af1a1baad00cb&amp;tab=overview,Team Liquid,Golden Guardians,Team Liquid,2,4,1,1,1,0,10,5,2,0,71622,67360,12,6,40.05,40:03,CoreJJ,Braum,Support,Team Liquid,0,1,10,9008,44,1.0986267166042447,224.9188514357054,83.33333333333334,0.0,-1.0,20.0,0.88,2,21.88
2020-06-14 20:27:00,https://matchhistory.na.leagueoflegends.com/en/#match-details/ESPORTSTMNT01/1404270?gameHash=726af1a1baad00cb&amp;tab=overview,Team Liquid,Golden Guardians,Team Liquid,2,4,1,1,1,0,10,5,2,0,71622,67360,12,6,40.05,40:03,Hauntzer,Ornn,Top,Golden Guardians,0,2,2,13295,315,7.865168539325843,331.96004993757805,33.33333333333333,0.0,-2.0,4.0,6.3,0,8.3
2020-06-14 20:27:00,https://matchhistory.na.leagueoflegends.com/en/#match-details/ESPORTSTMNT01/1404270?gameHash=726af1a1baad00cb&amp;tab=overview,Team Liquid,Golden Guardians,Team Liquid,2,4,1,1,1,0,10,5,2,0,71622,67360,12,6,40.05,40:03,Closer (Can Çelik),Nidalee,Jungle,Golden Guardians,1,3,4,13391,293,7.3158551810237205,334.3570536828964,83.33333333333334,3.0,-3.0,8.0,5.86,0,13.86
2020-06-14 20:27:00,https://matchhistory.na.leagueoflegends.com/en/#match-details/ESPORTSTMNT01/1404270?gameHash=726af1a1baad00cb&amp;tab=overview,Team Liquid,Golden Guardians,Team Liquid,2,4,1,1,1,0,10,5,2,0,71622,67360,12,6,40.05,40:03,Damonte,Jayce,Mid,Golden Guardians,3,2,3,15185,351,8.764044943820226,379.1510611735331,100.0,9.0,-2.0,6.0,7.0200000000000005,0,20.02
2020-06-14 20:27:00,https://matchhistory.na.leagueoflegends.com/en/#match-details/ESPORTSTMNT01/1404270?gameHash=726af1a1baad00cb&amp;tab=overview,Team Liquid,Golden Guardians,Team Liquid,2,4,1,1,1,0,10,5,2,0,71622,67360,12,6,40.05,40:03,FBI,Kalista,Bot,Golden Guardians,2,2,4,17668,428,10.686641697877654,441.14856429463174,100.0,6.0,-2.0,8.0,8.56,0,20.560000000000002
2020-06-14 20:27:00,https://matchhistory.na.leagueoflegends.com/en/#match-details/ESPORTSTMNT01/1404270?gameHash=726af1a1baad00cb&amp;tab=overview,Team Liquid,Golden Guardians,Team Liquid,2,4,1,1,1,0,10,5,2,0,71622,67360,12,6,40.05,40:03,Huhi,Thresh,Support,Golden Guardians,0,3,3,7821,30,0.7490636704119851,195.2808988764045,50.0,0.0,-3.0,6.0,0.6,0,3.6
2020-06-14 21:34:00,https://matchhistory.na.leagueoflegends.com/en/#match-details/ESPORTSTMNT01/1404282?gameHash=26db3cde55457f9f,Immortals,Counter Logic Gaming,Counter Logic Gaming,2,4,1,1,0,1,4,9,0,1,55631,65284,8,16,34.816666666667,34:49,SOAZ,Ornn,Top,Immortals,1,4,1,11443,230,6.606031594064083,328.66443274293607,25.0,3.0,-4.0,2.0,4.6000000000000005,0,5.6000000000000005
2020-06-14 21:34:00,https://matchhistory.na.leagueoflegends.com/en/#match-details/ESPORTSTMNT01/1404282?gameHash=26db3cde55457f9f,Immortals,Counter Logic Gaming,Counter Logic Gaming,2,4,1,1,0,1,4,9,0,1,55631,65284,8,16,34.816666666667,34:49,Potluck,Lee Sin,Jungle,Immortals,2,3,3,10079,167,4.7965533748204425,289.4877932024865,62.5,6.0,-3.0,6.0,3.34,0,12.34
2020-06-14 21:34:00,https://matchhistory.na.leagueoflegends.com/en/#match-details/ESPORTSTMNT01/1404282?gameHash=26db3cde55457f9f,Immortals,Counter Logic Gaming,Counter Logic Gaming,2,4,1,1,0,1,4,9,0,1,55631,65284,8,16,34.816666666667,34:49,Eika,Orianna,Mid,Immortals,1,2,3,13316,346,9.937769267592055,382.46050741981446,50.0,3.0,-2.0,6.0,6.92,0,13.92
2020-06-14 21:34:00,https://matchhistory.na.leagueoflegends.com/en/#match-details/ESPORTSTMNT01/1404282?gameHash=26db3cde55457f9f,Immortals,Counter Logic Gaming,Counter Logic Gaming,2,4,1,1,0,1,4,9,0,1,55631,65284,8,16,34.816666666667,34:49,Altec,Aphelios,Bot,Immortals,3,4,1,13590,340,9.76543800861647,390.3303015796995,50.0,9.0,-4.0,2.0,6.8,0,13.8
2020-06-14 21:34:00,https://matchhistory.na.leagueoflegends.com/en/#match-details/ESPORTSTMNT01/1404282?gameHash=26db3cde55457f9f,Immortals,Counter Logic Gaming,Counter Logic Gaming,2,4,1,1,0,1,4,9,0,1,55631,65284,8,16,34.816666666667,34:49,Gate,Braum,Support,Immortals,1,3,5,7203,28,0.8042125418860623,206.88367640018953,75.0,3.0,-3.0,10.0,0.56,0,10.56
2020-06-14 21:34:00,https://matchhistory.na.leagueoflegends.com/en/#match-details/ESPORTSTMNT01/1404282?gameHash=26db3cde55457f9f,Immortals,Counter Logic Gaming,Counter Logic Gaming,2,4,1,1,0,1,4,9,0,1,55631,65284,8,16,34.816666666667,34:49,Ruin,Aatrox,Top,Counter Logic Gaming,3,2,7,14335,279,8.013403542364692,411.72809956916797,62.5,9.0,-2.0,14.0,5.58,0,26.58
2020-06-14 21:34:00,https://matchhistory.na.leagueoflegends.com/en/#match-details/ESPORTSTMNT01/1404282?gameHash=26db3cde55457f9f,Immortals,Counter Logic Gaming,Counter Logic Gaming,2,4,1,1,0,1,4,9,0,1,55631,65284,8,16,34.816666666667,34:49,Griffin (Raymond Griffin),Trundle,Jungle,Counter Logic Gaming,2,2,11,11311,173,4.968884633796027,324.8731450454732,81.25,6.0,-2.0,22.0,3.46,2,31.46
2020-06-14 21:34:00,https://matchhistory.na.leagueoflegends.com/en/#match-details/ESPORTSTMNT01/1404282?gameHash=26db3cde55457f9f,Immortals,Counter Logic Gaming,Counter Logic Gaming,2,4,1,1,0,1,4,9,0,1,55631,65284,8,16,34.816666666667,34:49,Pobelter,Diana,Mid,Counter Logic Gaming,4,2,7,15390,331,9.506941120153094,442.02967927237495,68.75,12.0,-2.0,14.0,6.62,0,30.62
2020-06-14 21:34:00,https://matchhistory.na.leagueoflegends.com/en/#match-details/ESPORTSTMNT01/1404282?gameHash=26db3cde55457f9f,Immortals,Counter Logic Gaming,Counter Logic Gaming,2,4,1,1,0,1,4,9,0,1,55631,65284,8,16,34.816666666667,34:49,Stixxay,Miss Fortune,Bot,Counter Logic Gaming,7,0,6,16538,335,9.621828626136816,475.0023934897035,81.25,21.0,0.0,12.0,6.7,0,39.7
2020-06-14 21:34:00,https://matchhistory.na.leagueoflegends.com/en/#match-details/ESPORTSTMNT01/1404282?gameHash=26db3cde55457f9f,Immortals,Counter Logic Gaming,Counter Logic Gaming,2,4,1,1,0,1,4,9,0,1,55631,65284,8,16,34.816666666667,34:49,Smoothie,Nautilus,Support,Counter Logic Gaming,0,2,13,7710,30,0.8616562948779238,221.44566778362642,81.25,0.0,-2.0,26.0,0.6,2,26.6
2020-06-20 00:31:00,https://matchhistory.na.leagueoflegends.com/en/#match-details/ESPORTSTMNT02/1391723?gameHash=57be25e9882d9521&amp;tab=overview,Counter Logic Gaming,Golden Guardians,Counter Logic Gaming,1,3,1,1,1,0,11,3,2,0,57237,46945,14,4,30.133333333333,30:08,Ruin,Volibear,Top,Counter Logic Gaming,5,2,5,11762,214,7.101769911504504,390.331858407084,71.42857142857143,15.0,-2.0,10.0,4.28,0,27.28
2020-06-20 00:31:00,https://matchhistory.na.leagueoflegends.com/en/#match-details/ESPORTSTMNT02/1391723?gameHash=57be25e9882d9521&amp;tab=overview,Counter Logic Gaming,Golden Guardians,Counter Logic Gaming,1,3,1,1,1,0,11,3,2,0,57237,46945,14,4,30.133333333333,30:08,Griffin (Raymond Griffin),Trundle,Jungle,Counter Logic Gaming,0,0,13,9898,154,5.110619469026606,328.47345132743726,92.85714285714286,0.0,0.0,26.0,3.08,2,31.08
2020-06-20 00:31:00,https://matchhistory.na.leagueoflegends.com/en/#match-details/ESPORTSTMNT02/1391723?gameHash=57be25e9882d9521&amp;tab=overview,Counter Logic Gaming,Golden Guardians,Counter Logic Gaming,1,3,1,1,1,0,11,3,2,0,57237,46945,14,4,30.133333333333,30:08,Pobelter,Twisted Fate,Mid,Counter Logic Gaming,2,1,8,14523,297,9.856194690265596,481.95796460177525,71.42857142857143,6.0,-1.0,16.0,5.94,0,26.94
2020-06-20 00:31:00,https://matchhistory.na.leagueoflegends.com/en/#match-details/ESPORTSTMNT02/1391723?gameHash=57be25e9882d9521&amp;tab=overview,Counter Logic Gaming,Golden Guardians,Counter Logic Gaming,1,3,1,1,1,0,11,3,2,0,57237,46945,14,4,30.133333333333,30:08,Stixxay,Aphelios,Bot,Counter Logic Gaming,5,1,5,13267,269,8.926991150442577,440.27654867257127,71.42857142857143,15.0,-1.0,10.0,5.38,0,29.38
2020-06-20 00:31:00,https://matchhistory.na.leagueoflegends.com/en/#match-details/ESPORTSTMNT02/1391723?gameHash=57be25e9882d9521&amp;tab=overview,Counter Logic Gaming,Golden Guardians,Counter Logic Gaming,1,3,1,1,1,0,11,3,2,0,57237,46945,14,4,30.133333333333,30:08,Smoothie,Nautilus,Support,Counter Logic Gaming,2,0,9,7787,29,0.9623893805309841,258.41814159292323,78.57142857142857,6.0,0.0,18.0,0.58,0,24.58
2020-06-20 00:31:00,https://matchhistory.na.leagueoflegends.com/en/#match-details/ESPORTSTMNT02/1391723?gameHash=57be25e9882d9521&amp;tab=overview,Counter Logic Gaming,Golden Guardians,Counter Logic Gaming,1,3,1,1,1,0,11,3,2,0,57237,46945,14,4,30.133333333333,30:08,Hauntzer,Sett,Top,Golden Guardians,2,3,1,10452,218,7.234513274336363,346.85840707964985,75.0,6.0,-3.0,2.0,4.36,0,9.36
2020-06-20 00:31:00,https://matchhistory.na.leagueoflegends.com/en/#match-details/ESPORTSTMNT02/1391723?gameHash=57be25e9882d9521&amp;tab=overview,Counter Logic Gaming,Golden Guardians,Counter Logic Gaming,1,3,1,1,1,0,11,3,2,0,57237,46945,14,4,30.133333333333,30:08,Closer (Can Çelik),Nidalee,Jungle,Golden Guardians,1,2,2,9919,204,6.7699115044248535,329.17035398230456,75.0,3.0,-2.0,4.0,4.08,0,9.08
2020-06-20 00:31:00,https://matchhistory.na.leagueoflegends.com/en/#match-details/ESPORTSTMNT02/1391723?gameHash=57be25e9882d9521&amp;tab=overview,Counter Logic Gaming,Golden Guardians,Counter Logic Gaming,1,3,1,1,1,0,11,3,2,0,57237,46945,14,4,30.133333333333,30:08,Damonte,Zoe,Mid,Golden Guardians,0,2,3,10417,277,9.192477876106297,345.6969026548711,75.0,0.0,-2.0,6.0,5.54,0,9.54
2020-06-20 00:31:00,https://matchhistory.na.leagueoflegends.com/en/#match-details/ESPORTSTMNT02/1391723?gameHash=57be25e9882d9521&amp;tab=overview,Counter Logic Gaming,Golden Guardians,Counter Logic Gaming,1,3,1,1,1,0,11,3,2,0,57237,46945,14,4,30.133333333333,30:08,FBI,Ezreal,Bot,Golden Guardians,1,2,2,10449,247,8.196902654867348,346.758849557526,75.0,3.0,-2.0,4.0,4.94,0,9.940000000000001
2020-06-20 00:31:00,https://matchhistory.na.leagueoflegends.com/en/#match-details/ESPORTSTMNT02/1391723?gameHash=57be25e9882d9521&amp;tab=overview,Counter Logic Gaming,Golden Guardians,Counter Logic Gaming,1,3,1,1,1,0,11,3,2,0,57237,46945,14,4,30.133333333333,30:08,Huhi,Leona,Support,Golden Guardians,0,5,2,5708,28,0.9292035398230192,189.42477876106406,50.0,0.0,-5.0,4.0,0.56,0,-0.43999999999999995
2020-06-20 00:33:00,https://matchhistory.na.leagueoflegends.com/en/#match-details/ESPORTSTMNT02/1391729?gameHash=e24045367f757e19&amp;tab=overview,Immortals,TSM,TSM,1,4,0,2,0,1,2,10,0,1,44709,61263,3,23,30.466666666667,30:28,SOAZ,Ornn,Top,Immortals,1,5,1,9336,194,6.367614879649821,306.4332603938697,66.66666666666666,3.0,-5.0,2.0,3.88,0,3.88
2020-06-20 00:33:00,https://matchhistory.na.leagueoflegends.com/en/#match-details/ESPORTSTMNT02/1391729?gameHash=e24045367f757e19&amp;tab=overview,Immortals,TSM,TSM,1,4,0,2,0,1,2,10,0,1,44709,61263,3,23,30.466666666667,30:28,Potluck,Trundle,Jungle,Immortals,0,2,2,7591,130,4.266958424507612,249.15754923413294,66.66666666666666,0.0,-2.0,4.0,2.6,0,4.6
2020-06-20 00:33:00,https://matchhistory.na.leagueoflegends.com/en/#match-details/ESPORTSTMNT02/1391729?gameHash=e24045367f757e19&amp;tab=overview,Immortals,TSM,TSM,1,4,0,2,0,1,2,10,0,1,44709,61263,3,23,30.466666666667,30:28,Eika,Orianna,Mid,Immortals,2,4,0,10696,266,8.730853391684807,351.0722100656417,66.66666666666666,6.0,-4.0,0.0,5.32,0,7.32
2020-06-20 00:33:00,https://matchhistory.na.leagueoflegends.com/en/#match-details/ESPORTSTMNT02/1391729?gameHash=e24045367f757e19&amp;tab=overview,Immortals,TSM,TSM,1,4,0,2,0,1,2,10,0,1,44709,61263,3,23,30.466666666667,30:28,Altec,Ezreal,Bot,Immortals,0,5,1,11205,286,9.387308533916746,367.7789934354446,33.33333333333333,0.0,-5.0,2.0,5.72,0,2.7199999999999998
2020-06-20 00:33:00,https://matchhistory.na.leagueoflegends.com/en/#match-details/ESPORTSTMNT02/1391729?gameHash=e24045367f757e19&amp;tab=overview,Immortals,TSM,TSM,1,4,0,2,0,1,2,10,0,1,44709,61263,3,23,30.466666666667,30:28,Gate,Braum,Support,Immortals,0,7,2,5881,30,0.9846827133479105,193.03063457330205,66.66666666666666,0.0,-7.0,4.0,0.6,0,-2.4
2020-06-20 00:33:00,https://matchhistory.na.leagueoflegends.com/en/#match-details/ESPORTSTMNT02/1391729?gameHash=e24045367f757e19&amp;tab=overview,Immortals,TSM,TSM,1,4,0,2,0,1,2,10,0,1,44709,61263,3,23,30.466666666667,30:28,Broken Blade,Sett,Top,TSM,2,0,8,12257,236,7.746170678336896,402.3085339168446,43.47826086956522,6.0,0.0,16.0,4.72,0,26.72
2020-06-20 00:33:00,https://matchhistory.na.leagueoflegends.com/en/#match-details/ESPORTSTMNT02/1391729?gameHash=e24045367f757e19&amp;tab=overview,Immortals,TSM,TSM,1,4,0,2,0,1,2,10,0,1,44709,61263,3,23,30.466666666667,30:28,Spica,Lee Sin,Jungle,TSM,6,1,16,12353,181,5.94091903719906,405.45951859955795,95.65217391304348,18.0,-1.0,32.0,3.62,2,54.62
2020-06-20 00:33:00,https://matchhistory.na.leagueoflegends.com/en/#match-details/ESPORTSTMNT02/1391729?gameHash=e24045367f757e19&amp;tab=overview,Immortals,TSM,TSM,1,4,0,2,0,1,2,10,0,1,44709,61263,3,23,30.466666666667,30:28,Bjergsen,Fiddlesticks,Mid,TSM,2,1,10,11455,229,7.516411378555716,375.98468271334383,52.17391304347826,6.0,-1.0,20.0,4.58,2,31.58
2020-06-20 00:33:00,https://matchhistory.na.leagueoflegends.com/en/#match-details/ESPORTSTMNT02/1391729?gameHash=e24045367f757e19&amp;tab=overview,Immortals,TSM,TSM,1,4,0,2,0,1,2,10,0,1,44709,61263,3,23,30.466666666667,30:28,Doublelift,Kai'Sa,Bot,TSM,12,1,7,17183,342,11.225382932166179,563.9934354485715,82.6086956521739,36.0,-1.0,14.0,6.84,2,57.84
2020-06-20 00:33:00,https://matchhistory.na.leagueoflegends.com/en/#match-details/ESPORTSTMNT02/1391729?gameHash=e24045367f757e19&amp;tab=overview,Immortals,TSM,TSM,1,4,0,2,0,1,2,10,0,1,44709,61263,3,23,30.466666666667,30:28,Biofrost,Rakan,Support,TSM,1,0,17,8015,42,1.3785557986870747,263.0743982494501,78.26086956521739,3.0,0.0,34.0,0.84,2,39.84
2020-06-20 18:31:00,https://matchhistory.na.leagueoflegends.com/en/#match-details/ESPORTSTMNT02/1391962?gameHash=f9ff59dc53c26d65&amp;tab=overview,Team Liquid,100 Thieves,Team Liquid,2,2,2,0,1,0,10,2,2,0,55811,43472,17,5,27.916666666667,27:55,Impact,Ornn,Top,Team Liquid,1,2,8,9148,191,6.841791044776038,327.6895522388021,52.94117647058824,3.0,-2.0,16.0,3.8200000000000003,0,20.82
2020-06-20 18:31:00,https://matchhistory.na.leagueoflegends.com/en/#match-details/ESPORTSTMNT02/1391962?gameHash=f9ff59dc53c26d65&amp;tab=overview,Team Liquid,100 Thieves,Team Liquid,2,2,2,0,1,0,10,2,2,0,55811,43472,17,5,27.916666666667,27:55,Broxah,Graves,Jungle,Team Liquid,3,1,10,11542,196,7.020895522387976,413.44477611939806,76.47058823529412,9.0,-1.0,20.0,3.92,2,33.92
2020-06-20 18:31:00,https://matchhistory.na.leagueoflegends.com/en/#match-details/ESPORTSTMNT02/1391962?gameHash=f9ff59dc53c26d65&amp;tab=overview,Team Liquid,100 Thieves,Team Liquid,2,2,2,0,1,0,10,2,2,0,55811,43472,17,5,27.916666666667,27:55,Jensen,Twisted Fate,Mid,Team Liquid,3,0,7,13658,272,9.743283582089436,489.2417910447703,58.82352941176471,9.0,0.0,14.0,5.44,0,28.44
2020-06-20 18:31:00,https://matchhistory.na.leagueoflegends.com/en/#match-details/ESPORTSTMNT02/1391962?gameHash=f9ff59dc53c26d65&amp;tab=overview,Team Liquid,100 Thieves,Team Liquid,2,2,2,0,1,0,10,2,2,0,55811,43472,17,5,27.916666666667,27:55,Tactical,Ezreal,Bot,Team Liquid,7,0,4,13978,268,9.599999999999886,500.70447761193435,64.70588235294117,21.0,0.0,8.0,5.36,0,34.36
2020-06-20 18:31:00,https://matchhistory.na.leagueoflegends.com/en/#match-details/ESPORTSTMNT02/1391962?gameHash=f9ff59dc53c26d65&amp;tab=overview,Team Liquid,100 Thieves,Team Liquid,2,2,2,0,1,0,10,2,2,0,55811,43472,17,5,27.916666666667,27:55,CoreJJ,Blitzcrank,Support,Team Liquid,3,2,9,7485,30,1.0746268656716291,268.1194029850714,70.58823529411765,9.0,-2.0,18.0,0.6,0,25.6
2020-06-20 18:31:00,https://matchhistory.na.leagueoflegends.com/en/#match-details/ESPORTSTMNT02/1391962?gameHash=f9ff59dc53c26d65&amp;tab=overview,Team Liquid,100 Thieves,Team Liquid,2,2,2,0,1,0,10,2,2,0,55811,43472,17,5,27.916666666667,27:55,Ssumday,Aatrox,Top,100 Thieves,2,0,0,9795,254,9.09850746268646,350.8656716417869,40.0,6.0,0.0,0.0,5.08,0,11.08
2020-06-20 18:31:00,https://matchhistory.na.leagueoflegends.com/en/#match-details/ESPORTSTMNT02/1391962?gameHash=f9ff59dc53c26d65&amp;tab=overview,Team Liquid,100 Thieves,Team Liquid,2,2,2,0,1,0,10,2,2,0,55811,43472,17,5,27.916666666667,27:55,Meteos,Olaf,Jungle,100 Thieves,1,5,2,8064,154,5.516417910447696,288.8597014925339,60.0,3.0,-5.0,4.0,3.08,0,5.08
2020-06-20 18:31:00,https://matchhistory.na.leagueoflegends.com/en/#match-details/ESPORTSTMNT02/1391962?gameHash=f9ff59dc53c26d65&amp;tab=overview,Team Liquid,100 Thieves,Team Liquid,2,2,2,0,1,0,10,2,2,0,55811,43472,17,5,27.916666666667,27:55,Ry0ma,Azir,Mid,100 Thieves,1,3,2,10774,262,9.38507462686556,385.93432835820437,60.0,3.0,-3.0,4.0,5.24,0,9.24
2020-06-20 18:31:00,https://matchhistory.na.leagueoflegends.com/en/#match-details/ESPORTSTMNT02/1391962?gameHash=f9ff59dc53c26d65&amp;tab=overview,Team Liquid,100 Thieves,Team Liquid,2,2,2,0,1,0,10,2,2,0,55811,43472,17,5,27.916666666667,27:55,Cody Sun,Kalista,Bot,100 Thieves,1,3,3,9368,232,8.310447761193931,335.5701492537274,80.0,3.0,-3.0,6.0,4.64,0,10.64
2020-06-20 18:31:00,https://matchhistory.na.leagueoflegends.com/en/#match-details/ESPORTSTMNT02/1391962?gameHash=f9ff59dc53c26d65&amp;tab=overview,Team Liquid,100 Thieves,Team Liquid,2,2,2,0,1,0,10,2,2,0,55811,43472,17,5,27.916666666667,27:55,Stunt,Thresh,Support,100 Thieves,0,6,4,5471,25,0.8955223880596909,195.97611940298276,80.0,0.0,-6.0,8.0,0.5,0,2.5
2020-06-20 19:35:00,http://matchhistory.na.leagueoflegends.com/en/#match-details/ESPORTSTMNT02/1391984?gameHash=844f72765495743b,TSM,FlyQuest,FlyQuest,0,5,1,0,0,1,3,9,0,2,51393,63897,9,28,33.4,33:24,Broken Blade,Volibear,Top,TSM,3,3,4,12136,259,7.754491017964072,363.3532934131737,77.77777777777779,9.0,-3.0,8.0,5.18,0,19.18
2020-06-20 19:35:00,http://matchhistory.na.leagueoflegends.com/en/#match-details/ESPORTSTMNT02/1391984?gameHash=844f72765495743b,TSM,FlyQuest,FlyQuest,0,5,1,0,0,1,3,9,0,2,51393,63897,9,28,33.4,33:24,Spica,Lee Sin,Jungle,TSM,2,5,4,9858,156,4.6706586826347305,295.1497005988024,66.66666666666666,6.0,-5.0,8.0,3.12,0,12.120000000000001
2020-06-20 19:35:00,http://matchhistory.na.leagueoflegends.com/en/#match-details/ESPORTSTMNT02/1391984?gameHash=844f72765495743b,TSM,FlyQuest,FlyQuest,0,5,1,0,0,1,3,9,0,2,51393,63897,9,28,33.4,33:24,Bjergsen,Fiddlesticks,Mid,TSM,2,6,5,10612,206,6.167664670658683,317.72455089820363,77.77777777777779,6.0,-6.0,10.0,4.12,0,14.120000000000001
2020-06-20 19:35:00,http://matchhistory.na.leagueoflegends.com/en/#match-details/ESPORTSTMNT02/1391984?gameHash=844f72765495743b,TSM,FlyQuest,FlyQuest,0,5,1,0,0,1,3,9,0,2,51393,63897,9,28,33.4,33:24,Doublelift,Syndra,Bot,TSM,2,5,4,12377,253,7.574850299401198,370.56886227544913,66.66666666666666,6.0,-5.0,8.0,5.0600000000000005,0,14.06
2020-06-20 19:35:00,http://matchhistory.na.leagueoflegends.com/en/#match-details/ESPORTSTMNT02/1391984?gameHash=844f72765495743b,TSM,FlyQuest,FlyQuest,0,5,1,0,0,1,3,9,0,2,51393,63897,9,28,33.4,33:24,Biofrost,Nautilus,Support,TSM,0,9,5,6410,31,0.9281437125748503,191.91616766467067,55.55555555555556,0.0,-9.0,10.0,0.62,0,1.62
2020-06-20 19:35:00,http://matchhistory.na.leagueoflegends.com/en/#match-details/ESPORTSTMNT02/1391984?gameHash=844f72765495743b,TSM,FlyQuest,FlyQuest,0,5,1,0,0,1,3,9,0,2,51393,63897,9,28,33.4,33:24,Solo (Colin Earnest),Ornn,Top,FlyQuest,4,1,16,12284,201,6.017964071856288,367.78443113772454,71.42857142857143,12.0,-1.0,32.0,4.0200000000000005,2,49.02
2020-06-20 19:35:00,http://matchhistory.na.leagueoflegends.com/en/#match-details/ESPORTSTMNT02/1391984?gameHash=844f72765495743b,TSM,FlyQuest,FlyQuest,0,5,1,0,0,1,3,9,0,2,51393,63897,9,28,33.4,33:24,Santorin,Trundle,Jungle,FlyQuest,6,3,19,12395,152,4.550898203592815,371.10778443113776,89.28571428571429,18.0,-3.0,38.0,3.04,2,58.04
2020-06-20 19:35:00,http://matchhistory.na.leagueoflegends.com/en/#match-details/ESPORTSTMNT02/1391984?gameHash=844f72765495743b,TSM,FlyQuest,FlyQuest,0,5,1,0,0,1,3,9,0,2,51393,63897,9,28,33.4,33:24,PowerOfEvil,Azir,Mid,FlyQuest,6,3,7,14962,296,8.862275449101796,447.96407185628743,46.42857142857143,18.0,-3.0,14.0,5.92,0,34.92
2020-06-20 19:35:00,http://matchhistory.na.leagueoflegends.com/en/#match-details/ESPORTSTMNT02/1391984?gameHash=844f72765495743b,TSM,FlyQuest,FlyQuest,0,5,1,0,0,1,3,9,0,2,51393,63897,9,28,33.4,33:24,Mash,Aphelios,Bot,FlyQuest,11,1,11,15810,279,8.353293413173652,473.3532934131737,78.57142857142857,33.0,-1.0,22.0,5.58,2,61.58
2020-06-20 19:35:00,http://matchhistory.na.leagueoflegends.com/en/#match-details/ESPORTSTMNT02/1391984?gameHash=844f72765495743b,TSM,FlyQuest,FlyQuest,0,5,1,0,0,1,3,9,0,2,51393,63897,9,28,33.4,33:24,IgNar,Leona,Support,FlyQuest,1,1,18,8446,34,1.0179640718562875,252.874251497006,67.85714285714286,3.0,-1.0,36.0,0.68,2,40.68
2020-06-20 20:36:00,http://matchhistory.na.leagueoflegends.com/en/#match-details/ESPORTSTMNT02/1392000?gameHash=07c0e667b1864e64,Cloud9,Evil Geniuses.NA,Cloud9,4,0,2,0,1,0,9,1,2,0,52445,36823,16,3,25.5,25:30,Licorice,Jayce,Top,Cloud9,3,1,9,11022,209,8.196078431372548,432.2352941176471,75.0,9.0,-1.0,18.0,4.18,0,30.18
2020-06-20 20:36:00,http://matchhistory.na.leagueoflegends.com/en/#match-details/ESPORTSTMNT02/1392000?gameHash=07c0e667b1864e64,Cloud9,Evil Geniuses.NA,Cloud9,4,0,2,0,1,0,9,1,2,0,52445,36823,16,3,25.5,25:30,Blaber,Olaf,Jungle,Cloud9,9,1,5,13184,229,8.980392156862745,517.0196078431372,87.5,27.0,-1.0,10.0,4.58,0,40.58
2020-06-20 20:36:00,http://matchhistory.na.leagueoflegends.com/en/#match-details/ESPORTSTMNT02/1392000?gameHash=07c0e667b1864e64,Cloud9,Evil Geniuses.NA,Cloud9,4,0,2,0,1,0,9,1,2,0,52445,36823,16,3,25.5,25:30,Nisqy,Karma,Mid,Cloud9,2,1,11,10968,197,7.7254901960784315,430.11764705882354,81.25,6.0,-1.0,22.0,3.94,2,32.94
2020-06-20 20:36:00,http://matchhistory.na.leagueoflegends.com/en/#match-details/ESPORTSTMNT02/1392000?gameHash=07c0e667b1864e64,Cloud9,Evil Geniuses.NA,Cloud9,4,0,2,0,1,0,9,1,2,0,52445,36823,16,3,25.5,25:30,Zven,Ezreal,Bot,Cloud9,0,0,6,10601,268,10.509803921568627,415.72549019607845,37.5,0.0,0.0,12.0,5.36,0,17.36
2020-06-20 20:36:00,http://matchhistory.na.leagueoflegends.com/en/#match-details/ESPORTSTMNT02/1392000?gameHash=07c0e667b1864e64,Cloud9,Evil Geniuses.NA,Cloud9,4,0,2,0,1,0,9,1,2,0,52445,36823,16,3,25.5,25:30,Vulcan (Philippe Laflamme),Yuumi,Support,Cloud9,2,0,9,6670,3,0.11764705882352941,261.5686274509804,68.75,6.0,0.0,18.0,0.06,0,24.06
2020-06-20 20:36:00,http://matchhistory.na.leagueoflegends.com/en/#match-details/ESPORTSTMNT02/1392000?gameHash=07c0e667b1864e64,Cloud9,Evil Geniuses.NA,Cloud9,4,0,2,0,1,0,9,1,2,0,52445,36823,16,3,25.5,25:30,Kumo,Volibear,Top,Evil Geniuses.NA,2,5,1,8188,183,7.176470588235294,321.0980392156863,100.0,6.0,-5.0,2.0,3.66,0,6.66
2020-06-20 20:36:00,http://matchhistory.na.leagueoflegends.com/en/#match-details/ESPORTSTMNT02/1392000?gameHash=07c0e667b1864e64,Cloud9,Evil Geniuses.NA,Cloud9,4,0,2,0,1,0,9,1,2,0,52445,36823,16,3,25.5,25:30,Svenskeren,Lee Sin,Jungle,Evil Geniuses.NA,0,3,1,6525,115,4.509803921568627,255.88235294117646,33.33333333333333,0.0,-3.0,2.0,2.3000000000000003,0,1.3000000000000003
2020-06-20 20:36:00,http://matchhistory.na.leagueoflegends.com/en/#match-details/ESPORTSTMNT02/1392000?gameHash=07c0e667b1864e64,Cloud9,Evil Geniuses.NA,Cloud9,4,0,2,0,1,0,9,1,2,0,52445,36823,16,3,25.5,25:30,Jiizuke,Kassadin,Mid,Evil Geniuses.NA,0,3,1,8044,198,7.764705882352941,315.45098039215685,33.33333333333333,0.0,-3.0,2.0,3.96,0,2.96
2020-06-20 20:36:00,http://matchhistory.na.leagueoflegends.com/en/#match-details/ESPORTSTMNT02/1392000?gameHash=07c0e667b1864e64,Cloud9,Evil Geniuses.NA,Cloud9,4,0,2,0,1,0,9,1,2,0,52445,36823,16,3,25.5,25:30,Bang,Aphelios,Bot,Evil Geniuses.NA,0,3,0,8387,239,9.372549019607844,328.9019607843137,0.0,0.0,-3.0,0.0,4.78,0,1.7800000000000002
2020-06-20 20:36:00,http://matchhistory.na.leagueoflegends.com/en/#match-details/ESPORTSTMNT02/1392000?gameHash=07c0e667b1864e64,Cloud9,Evil Geniuses.NA,Cloud9,4,0,2,0,1,0,9,1,2,0,52445,36823,16,3,25.5,25:30,Zeyzal,Lulu,Support,Evil Geniuses.NA,1,2,0,5679,29,1.1372549019607843,222.7058823529412,33.33333333333333,3.0,-2.0,0.0,0.58,0,1.58
2020-06-20 21:28:00,http://matchhistory.na.leagueoflegends.com/en/#match-details/ESPORTSTMNT02/1392007?gameHash=ead49649995f9479,Dignitas,Counter Logic Gaming,Counter Logic Gaming,3,3,1,1,1,1,7,7,1,1,65213,67743,8,13,39.566666666667,39:34,V1per,Aatrox,Top,Dignitas,1,4,6,12509,246,6.217354675652855,316.1499578769982,87.5,3.0,-4.0,12.0,4.92,0,15.92
2020-06-20 21:28:00,http://matchhistory.na.leagueoflegends.com/en/#match-details/ESPORTSTMNT02/1392007?gameHash=ead49649995f9479,Dignitas,Counter Logic Gaming,Counter Logic Gaming,3,3,1,1,1,1,7,7,1,1,65213,67743,8,13,39.566666666667,39:34,Akaadian,Graves,Jungle,Dignitas,0,3,5,12877,249,6.293176074136426,325.45071609098295,62.5,0.0,-3.0,10.0,4.98,0,11.98
2020-06-20 21:28:00,http://matchhistory.na.leagueoflegends.com/en/#match-details/ESPORTSTMNT02/1392007?gameHash=ead49649995f9479,Dignitas,Counter Logic Gaming,Counter Logic Gaming,3,3,1,1,1,1,7,7,1,1,65213,67743,8,13,39.566666666667,39:34,Froggen,LeBlanc,Mid,Dignitas,0,2,3,13327,300,7.58213984835714,336.8239258635187,37.5,0.0,-2.0,6.0,6.0,0,10.0
2020-06-20 21:28:00,http://matchhistory.na.leagueoflegends.com/en/#match-details/ESPORTSTMNT02/1392007?gameHash=ead49649995f9479,Dignitas,Counter Logic Gaming,Counter Logic Gaming,3,3,1,1,1,1,7,7,1,1,65213,67743,8,13,39.566666666667,39:34,Johnsun,Kalista,Bot,Dignitas,7,2,0,17972,384,9.70513900589714,454.2207245155817,87.5,21.0,-2.0,0.0,7.68,0,26.68
2020-06-20 21:28:00,http://matchhistory.na.leagueoflegends.com/en/#match-details/ESPORTSTMNT02/1392007?gameHash=ead49649995f9479,Dignitas,Counter Logic Gaming,Counter Logic Gaming,3,3,1,1,1,1,7,7,1,1,65213,67743,8,13,39.566666666667,39:34,Aphromoo,Bard,Support,Dignitas,0,2,8,8528,28,0.7076663858466664,215.53496208929897,100.0,0.0,-2.0,16.0,0.56,0,14.56
2020-06-20 21:28:00,http://matchhistory.na.leagueoflegends.com/en/#match-details/ESPORTSTMNT02/1392007?gameHash=ead49649995f9479,Dignitas,Counter Logic Gaming,Counter Logic Gaming,3,3,1,1,1,1,7,7,1,1,65213,67743,8,13,39.566666666667,39:34,Ruin,Volibear,Top,Counter Logic Gaming,2,0,5,14411,286,7.228306655433807,364.22072451558245,53.84615384615385,6.0,0.0,10.0,5.72,0,21.72
2020-06-20 21:28:00,http://matchhistory.na.leagueoflegends.com/en/#match-details/ESPORTSTMNT02/1392007?gameHash=ead49649995f9479,Dignitas,Counter Logic Gaming,Counter Logic Gaming,3,3,1,1,1,1,7,7,1,1,65213,67743,8,13,39.566666666667,39:34,Griffin (Raymond Griffin),Sett,Jungle,Counter Logic Gaming,1,1,8,11167,202,5.105307497893808,282.23251895534725,69.23076923076923,3.0,-1.0,16.0,4.04,0,22.04
2020-06-20 21:28:00,http://matchhistory.na.leagueoflegends.com/en/#match-details/ESPORTSTMNT02/1392007?gameHash=ead49649995f9479,Dignitas,Counter Logic Gaming,Counter Logic Gaming,3,3,1,1,1,1,7,7,1,1,65213,67743,8,13,39.566666666667,39:34,Pobelter,Twisted Fate,Mid,Counter Logic Gaming,3,2,8,15986,343,8.668913226621664,404.02695871945747,84.61538461538461,9.0,-2.0,16.0,6.86,0,29.86
2020-06-20 21:28:00,http://matchhistory.na.leagueoflegends.com/en/#match-details/ESPORTSTMNT02/1392007?gameHash=ead49649995f9479,Dignitas,Counter Logic Gaming,Counter Logic Gaming,3,3,1,1,1,1,7,7,1,1,65213,67743,8,13,39.566666666667,39:34,Stixxay,Aphelios,Bot,Counter Logic Gaming,5,4,5,17491,392,9.90732940185333,442.0640269587158,76.92307692307693,15.0,-4.0,10.0,7.84,0,28.84
2020-06-20 21:28:00,http://matchhistory.na.leagueoflegends.com/en/#match-details/ESPORTSTMNT02/1392007?gameHash=ead49649995f9479,Dignitas,Counter Logic Gaming,Counter Logic Gaming,3,3,1,1,1,1,7,7,1,1,65213,67743,8,13,39.566666666667,39:34,Smoothie,Lulu,Support,Counter Logic Gaming,2,1,8,8688,31,0.7834877843302378,219.57877000842277,76.92307692307693,6.0,-1.0,16.0,0.62,0,21.62
2020-06-21 18:39:00,http://matchhistory.na.leagueoflegends.com/en/#match-details/ESPORTSTMNT02/1382406?gameHash=bb2d8a9b2db402ff,Evil Geniuses.NA,Team Liquid,Evil Geniuses.NA,2,2,2,0,1,0,11,0,3,0,53651,40765,9,3,28.266666666667,28:16,Kumo,Volibear,Top,Evil Geniuses.NA,2,0,3,10513,206,7.287735849056518,371.9221698113164,55.55555555555556,6.0,0.0,6.0,4.12,0,16.12
2020-06-21 18:39:00,http://matchhistory.na.leagueoflegends.com/en/#match-details/ESPORTSTMNT02/1382406?gameHash=bb2d8a9b2db402ff,Evil Geniuses.NA,Team Liquid,Evil Geniuses.NA,2,2,2,0,1,0,11,0,3,0,53651,40765,9,3,28.266666666667,28:16,Svenskeren,Kindred,Jungle,Evil Geniuses.NA,1,1,5,10262,180,6.3679245283018115,363.0424528301844,66.66666666666666,3.0,-1.0,10.0,3.6,0,15.6
2020-06-21 18:39:00,http://matchhistory.na.leagueoflegends.com/en/#match-details/ESPORTSTMNT02/1382406?gameHash=bb2d8a9b2db402ff,Evil Geniuses.NA,Team Liquid,Evil Geniuses.NA,2,2,2,0,1,0,11,0,3,0,53651,40765,9,3,28.266666666667,28:16,Jiizuke,Twisted Fate,Mid,Evil Geniuses.NA,5,0,2,14437,258,9.12735849056593,510.7429245282959,77.77777777777779,15.0,0.0,4.0,5.16,0,24.16
2020-06-21 18:39:00,http://matchhistory.na.leagueoflegends.com/en/#match-details/ESPORTSTMNT02/1382406?gameHash=bb2d8a9b2db402ff,Evil Geniuses.NA,Team Liquid,Evil Geniuses.NA,2,2,2,0,1,0,11,0,3,0,53651,40765,9,3,28.266666666667,28:16,Bang,Aphelios,Bot,Evil Geniuses.NA,1,1,4,11787,283,10.01179245283007,416.99292452829695,55.55555555555556,3.0,-1.0,8.0,5.66,0,15.66
2020-06-21 18:39:00,http://matchhistory.na.leagueoflegends.com/en/#match-details/ESPORTSTMNT02/1382406?gameHash=bb2d8a9b2db402ff,Evil Geniuses.NA,Team Liquid,Evil Geniuses.NA,2,2,2,0,1,0,11,0,3,0,53651,40765,9,3,28.266666666667,28:16,Zeyzal,Braum,Support,Evil Geniuses.NA,0,1,6,6652,30,1.0613207547169687,235.3301886792425,66.66666666666666,0.0,-1.0,12.0,0.6,0,11.6
2020-06-21 18:39:00,http://matchhistory.na.leagueoflegends.com/en/#match-details/ESPORTSTMNT02/1382406?gameHash=bb2d8a9b2db402ff,Evil Geniuses.NA,Team Liquid,Evil Geniuses.NA,2,2,2,0,1,0,11,0,3,0,53651,40765,9,3,28.266666666667,28:16,Impact,Mordekaiser,Top,Team Liquid,1,4,0,8135,182,6.438679245282943,287.7948113207513,33.33333333333333,3.0,-4.0,0.0,3.64,0,2.64
2020-06-21 18:39:00,http://matchhistory.na.leagueoflegends.com/en/#match-details/ESPORTSTMNT02/1382406?gameHash=bb2d8a9b2db402ff,Evil Geniuses.NA,Team Liquid,Evil Geniuses.NA,2,2,2,0,1,0,11,0,3,0,53651,40765,9,3,28.266666666667,28:16,Broxah,Trundle,Jungle,Team Liquid,0,2,1,6735,120,4.245283018867875,238.26650943395947,33.33333333333333,0.0,-2.0,2.0,2.4,0,2.4
2020-06-21 18:39:00,http://matchhistory.na.leagueoflegends.com/en/#match-details/ESPORTSTMNT02/1382406?gameHash=bb2d8a9b2db402ff,Evil Geniuses.NA,Team Liquid,Evil Geniuses.NA,2,2,2,0,1,0,11,0,3,0,53651,40765,9,3,28.266666666667,28:16,Jensen,Cassiopeia,Mid,Team Liquid,0,1,1,9874,276,9.764150943396112,349.31603773584493,33.33333333333333,0.0,-1.0,2.0,5.5200000000000005,0,6.5200000000000005
2020-06-21 18:39:00,http://matchhistory.na.leagueoflegends.com/en/#match-details/ESPORTSTMNT02/1382406?gameHash=bb2d8a9b2db402ff,Evil Geniuses.NA,Team Liquid,Evil Geniuses.NA,2,2,2,0,1,0,11,0,3,0,53651,40765,9,3,28.266666666667,28:16,Tactical,Ezreal,Bot,Team Liquid,1,1,1,9778,257,9.091981132075365,345.9198113207506,66.66666666666666,3.0,-1.0,2.0,5.14,0,9.14
2020-06-21 18:39:00,http://matchhistory.na.leagueoflegends.com/en/#match-details/ESPORTSTMNT02/1382406?gameHash=bb2d8a9b2db402ff,Evil Geniuses.NA,Team Liquid,Evil Geniuses.NA,2,2,2,0,1,0,11,0,3,0,53651,40765,9,3,28.266666666667,28:16,CoreJJ,Thresh,Support,Team Liquid,1,1,1,6243,35,1.2382075471697966,220.86084905660118,66.66666666666666,3.0,-1.0,2.0,0.7000000000000001,0,4.7
2020-06-21 19:32:00,http://matchhistory.na.leagueoflegends.com/en/#match-details/ESPORTSTMNT02/1382418?gameHash=ffe53f5aa806ee6b,FlyQuest,Dignitas,FlyQuest,2,3,2,0,1,0,11,5,3,1,59442,53458,11,5,32.766666666667,32:46,Solo (Colin Earnest),Ornn,Top,FlyQuest,0,2,11,12929,261,7.965412004069095,394.57782299084033,100.0,0.0,-2.0,22.0,5.22,2,27.22
2020-06-21 19:32:00,http://matchhistory.na.leagueoflegends.com/en/#match-details/ESPORTSTMNT02/1382418?gameHash=ffe53f5aa806ee6b,FlyQuest,Dignitas,FlyQuest,2,3,2,0,1,0,11,5,3,1,59442,53458,11,5,32.766666666667,32:46,Santorin,Trundle,Jungle,FlyQuest,3,0,8,11817,188,5.737538148524865,360.64089521871455,100.0,9.0,0.0,16.0,3.7600000000000002,0,28.76
2020-06-21 19:32:00,http://matchhistory.na.leagueoflegends.com/en/#match-details/ESPORTSTMNT02/1382418?gameHash=ffe53f5aa806ee6b,FlyQuest,Dignitas,FlyQuest,2,3,2,0,1,0,11,5,3,1,59442,53458,11,5,32.766666666667,32:46,PowerOfEvil,Orianna,Mid,FlyQuest,6,0,5,14880,309,9.430315361139273,454.1200406917553,100.0,18.0,0.0,10.0,6.18,0,34.18
2020-06-21 19:32:00,http://matchhistory.na.leagueoflegends.com/en/#match-details/ESPORTSTMNT02/1382418?gameHash=ffe53f5aa806ee6b,FlyQuest,Dignitas,FlyQuest,2,3,2,0,1,0,11,5,3,1,59442,53458,11,5,32.766666666667,32:46,Mash,Ezreal,Bot,FlyQuest,2,1,5,12502,272,8.301119023397678,381.54628687690354,63.63636363636363,6.0,-1.0,10.0,5.44,0,20.44
2020-06-21 19:32:00,http://matchhistory.na.leagueoflegends.com/en/#match-details/ESPORTSTMNT02/1382418?gameHash=ffe53f5aa806ee6b,FlyQuest,Dignitas,FlyQuest,2,3,2,0,1,0,11,5,3,1,59442,53458,11,5,32.766666666667,32:46,IgNar,Rakan,Support,FlyQuest,0,2,9,7314,35,1.0681586978636717,223.21464903356843,81.81818181818183,0.0,-2.0,18.0,0.7000000000000001,0,16.7
2020-06-21 19:32:00,http://matchhistory.na.leagueoflegends.com/en/#match-details/ESPORTSTMNT02/1382418?gameHash=ffe53f5aa806ee6b,FlyQuest,Dignitas,FlyQuest,2,3,2,0,1,0,11,5,3,1,59442,53458,11,5,32.766666666667,32:46,V1per,Volibear,Top,Dignitas,0,3,2,10234,231,7.049847405900233,312.32960325533764,40.0,0.0,-3.0,4.0,4.62,0,5.62
2020-06-21 19:32:00,http://matchhistory.na.leagueoflegends.com/en/#match-details/ESPORTSTMNT02/1382418?gameHash=ffe53f5aa806ee6b,FlyQuest,Dignitas,FlyQuest,2,3,2,0,1,0,11,5,3,1,59442,53458,11,5,32.766666666667,32:46,Akaadian,Nidalee,Jungle,Dignitas,0,3,4,9942,218,6.653102746693727,303.4181078331607,80.0,0.0,-3.0,8.0,4.36,0,9.36
2020-06-21 19:32:00,http://matchhistory.na.leagueoflegends.com/en/#match-details/ESPORTSTMNT02/1382418?gameHash=ffe53f5aa806ee6b,FlyQuest,Dignitas,FlyQuest,2,3,2,0,1,0,11,5,3,1,59442,53458,11,5,32.766666666667,32:46,Froggen,Twisted Fate,Mid,Dignitas,2,2,1,13539,281,8.575788402848335,413.1943031536072,60.0,6.0,-2.0,2.0,5.62,0,11.620000000000001
2020-06-21 19:32:00,http://matchhistory.na.leagueoflegends.com/en/#match-details/ESPORTSTMNT02/1382418?gameHash=ffe53f5aa806ee6b,FlyQuest,Dignitas,FlyQuest,2,3,2,0,1,0,11,5,3,1,59442,53458,11,5,32.766666666667,32:46,Johnsun,Ashe,Bot,Dignitas,2,2,1,12766,297,9.064089521871729,389.60325534078953,60.0,6.0,-2.0,2.0,5.94,0,11.940000000000001
2020-06-21 19:32:00,http://matchhistory.na.leagueoflegends.com/en/#match-details/ESPORTSTMNT02/1382418?gameHash=ffe53f5aa806ee6b,FlyQuest,Dignitas,FlyQuest,2,3,2,0,1,0,11,5,3,1,59442,53458,11,5,32.766666666667,32:46,Aphromoo,Thresh,Support,Dignitas,1,1,3,6977,30,0.9155645981688615,212.9298067141382,80.0,3.0,-1.0,6.0,0.6,0,8.6
2020-06-21 20:30:00,http://matchhistory.na.leagueoflegends.com/en/#match-details/ESPORTSTMNT02/1382441?gameHash=bdb47d5ff845031e,Golden Guardians,Cloud9,Cloud9,1,4,0,2,0,2,3,11,0,3,56463,66386,8,20,33.666666666667,33:40,Hauntzer,Ornn,Top,Golden Guardians,0,3,2,10537,250,7.425742574257352,312.9801980197989,25.0,0.0,-3.0,4.0,5.0,0,6.0
2020-06-21 20:30:00,http://matchhistory.na.leagueoflegends.com/en/#match-details/ESPORTSTMNT02/1382441?gameHash=bdb47d5ff845031e,Golden Guardians,Cloud9,Cloud9,1,4,0,2,0,2,3,11,0,3,56463,66386,8,20,33.666666666667,33:40,Closer (Can Çelik),Nocturne,Jungle,Golden Guardians,2,6,3,10171,171,5.0792079207920295,302.1089108910861,62.5,6.0,-6.0,6.0,3.42,0,9.42
2020-06-21 20:30:00,http://matchhistory.na.leagueoflegends.com/en/#match-details/ESPORTSTMNT02/1382441?gameHash=bdb47d5ff845031e,Golden Guardians,Cloud9,Cloud9,1,4,0,2,0,2,3,11,0,3,56463,66386,8,20,33.666666666667,33:40,Damonte,Twisted Fate,Mid,Golden Guardians,1,4,3,14125,305,9.05940594059397,419.55445544554044,50.0,3.0,-4.0,6.0,6.1000000000000005,0,11.100000000000001
2020-06-21 20:30:00,http://matchhistory.na.leagueoflegends.com/en/#match-details/ESPORTSTMNT02/1382441?gameHash=bdb47d5ff845031e,Golden Guardians,Cloud9,Cloud9,1,4,0,2,0,2,3,11,0,3,56463,66386,8,20,33.666666666667,33:40,FBI,Ezreal,Bot,Golden Guardians,3,3,3,14187,327,9.712871287128618,421.39603960395624,75.0,9.0,-3.0,6.0,6.54,0,18.54
2020-06-21 20:30:00,http://matchhistory.na.leagueoflegends.com/en/#match-details/ESPORTSTMNT02/1382441?gameHash=bdb47d5ff845031e,Golden Guardians,Cloud9,Cloud9,1,4,0,2,0,2,3,11,0,3,56463,66386,8,20,33.666666666667,33:40,Huhi,Sett,Support,Golden Guardians,2,4,4,7443,48,1.4257425742574117,221.0792079207899,75.0,6.0,-4.0,8.0,0.96,0,10.96
2020-06-21 20:30:00,http://matchhistory.na.leagueoflegends.com/en/#match-details/ESPORTSTMNT02/1382441?gameHash=bdb47d5ff845031e,Golden Guardians,Cloud9,Cloud9,1,4,0,2,0,2,3,11,0,3,56463,66386,8,20,33.666666666667,33:40,Licorice,Volibear,Top,Cloud9,7,2,5,15009,260,7.722772277227647,445.8118811881144,60.0,21.0,-2.0,10.0,5.2,0,34.2
2020-06-21 20:30:00,http://matchhistory.na.leagueoflegends.com/en/#match-details/ESPORTSTMNT02/1382441?gameHash=bdb47d5ff845031e,Golden Guardians,Cloud9,Cloud9,1,4,0,2,0,2,3,11,0,3,56463,66386,8,20,33.666666666667,33:40,Blaber,Trundle,Jungle,Cloud9,4,3,12,12663,197,5.851485148514794,376.1287128712834,80.0,12.0,-3.0,24.0,3.94,2,38.94
2020-06-21 20:30:00,http://matchhistory.na.leagueoflegends.com/en/#match-details/ESPORTSTMNT02/1382441?gameHash=bdb47d5ff845031e,Golden Guardians,Cloud9,Cloud9,1,4,0,2,0,2,3,11,0,3,56463,66386,8,20,33.666666666667,33:40,Nisqy,Galio,Mid,Cloud9,2,1,13,13154,279,8.287128712871205,390.71287128712487,75.0,6.0,-1.0,26.0,5.58,2,38.58
2020-06-21 20:30:00,http://matchhistory.na.leagueoflegends.com/en/#match-details/ESPORTSTMNT02/1382441?gameHash=bdb47d5ff845031e,Golden Guardians,Cloud9,Cloud9,1,4,0,2,0,2,3,11,0,3,56463,66386,8,20,33.666666666667,33:40,Zven,Aphelios,Bot,Cloud9,7,2,9,17001,338,10.03960396039594,504.980198019797,80.0,21.0,-2.0,18.0,6.76,0,43.76
2020-06-21 20:30:00,http://matchhistory.na.leagueoflegends.com/en/#match-details/ESPORTSTMNT02/1382441?gameHash=bdb47d5ff845031e,Golden Guardians,Cloud9,Cloud9,1,4,0,2,0,2,3,11,0,3,56463,66386,8,20,33.666666666667,33:40,Vulcan (Philippe Laflamme),Braum,Support,Cloud9,0,0,17,8559,27,0.801980198019794,254.22772277227472,85.0,0.0,0.0,34.0,0.54,2,36.54
2020-06-21 21:34:00,http://matchhistory.na.leagueoflegends.com/en/#match-details/ESPORTSTMNT02/1382458?gameHash=89e58fe36c01ea9a,100 Thieves,Immortals,100 Thieves,4,1,1,1,1,0,11,2,3,0,59545,46077,13,1,31.966666666667,31:58,Ssumday,Renekton,Top,100 Thieves,6,0,5,15224,298,9.322210636079152,476.24608967674163,84.61538461538461,18.0,0.0,10.0,5.96,0,33.96
2020-06-21 21:34:00,http://matchhistory.na.leagueoflegends.com/en/#match-details/ESPORTSTMNT02/1382458?gameHash=89e58fe36c01ea9a,100 Thieves,Immortals,100 Thieves,4,1,1,1,1,0,11,2,3,0,59545,46077,13,1,31.966666666667,31:58,Meteos,Trundle,Jungle,100 Thieves,0,0,13,10674,175,5.4744525547444685,333.91032325338546,100.0,0.0,0.0,26.0,3.5,2,31.5
2020-06-21 21:34:00,http://matchhistory.na.leagueoflegends.com/en/#match-details/ESPORTSTMNT02/1382458?gameHash=89e58fe36c01ea9a,100 Thieves,Immortals,100 Thieves,4,1,1,1,1,0,11,2,3,0,59545,46077,13,1,31.966666666667,31:58,Ry0ma,Orianna,Mid,100 Thieves,5,1,7,12991,267,8.352450469238704,406.39207507820225,92.3076923076923,15.0,-1.0,14.0,5.34,0,33.34
2020-06-21 21:34:00,http://matchhistory.na.leagueoflegends.com/en/#match-details/ESPORTSTMNT02/1382458?gameHash=89e58fe36c01ea9a,100 Thieves,Immortals,100 Thieves,4,1,1,1,1,0,11,2,3,0,59545,46077,13,1,31.966666666667,31:58,Cody Sun,Xayah,Bot,100 Thieves,2,0,9,13053,301,9.416058394160485,408.33159541188314,84.61538461538461,6.0,0.0,18.0,6.0200000000000005,0,30.02
2020-06-21 21:34:00,http://matchhistory.na.leagueoflegends.com/en/#match-details/ESPORTSTMNT02/1382458?gameHash=89e58fe36c01ea9a,100 Thieves,Immortals,100 Thieves,4,1,1,1,1,0,11,2,3,0,59545,46077,13,1,31.966666666667,31:58,Stunt,Rakan,Support,100 Thieves,0,0,12,7603,39,1.2200208550573388,237.84150156412682,92.3076923076923,0.0,0.0,24.0,0.78,2,26.78
2020-06-21 21:34:00,http://matchhistory.na.leagueoflegends.com/en/#match-details/ESPORTSTMNT02/1382458?gameHash=89e58fe36c01ea9a,100 Thieves,Immortals,100 Thieves,4,1,1,1,1,0,11,2,3,0,59545,46077,13,1,31.966666666667,31:58,SOAZ,Aatrox,Top,Immortals,0,3,0,9579,250,7.820646506777813,299.65589155369867,0.0,0.0,-3.0,0.0,5.0,0,2.0
2020-06-21 21:34:00,http://matchhistory.na.leagueoflegends.com/en/#match-details/ESPORTSTMNT02/1382458?gameHash=89e58fe36c01ea9a,100 Thieves,Immortals,100 Thieves,4,1,1,1,1,0,11,2,3,0,59545,46077,13,1,31.966666666667,31:58,Potluck,Lee Sin,Jungle,Immortals,0,3,1,7984,142,4.442127215849798,249.7601668404562,100.0,0.0,-3.0,2.0,2.84,0,1.8399999999999999
2020-06-21 21:34:00,http://matchhistory.na.leagueoflegends.com/en/#match-details/ESPORTSTMNT02/1382458?gameHash=89e58fe36c01ea9a,100 Thieves,Immortals,100 Thieves,4,1,1,1,1,0,11,2,3,0,59545,46077,13,1,31.966666666667,31:58,Eika,Azir,Mid,Immortals,1,2,0,11771,289,9.040667361835151,368.22732012512654,100.0,3.0,-2.0,0.0,5.78,0,6.78
2020-06-21 21:34:00,http://matchhistory.na.leagueoflegends.com/en/#match-details/ESPORTSTMNT02/1382458?gameHash=89e58fe36c01ea9a,100 Thieves,Immortals,100 Thieves,4,1,1,1,1,0,11,2,3,0,59545,46077,13,1,31.966666666667,31:58,Altec,Kalista,Bot,Immortals,0,3,0,10907,273,8.540145985401372,341.1991657977024,0.0,0.0,-3.0,0.0,5.46,0,2.46
2020-06-21 21:34:00,http://matchhistory.na.leagueoflegends.com/en/#match-details/ESPORTSTMNT02/1382458?gameHash=89e58fe36c01ea9a,100 Thieves,Immortals,100 Thieves,4,1,1,1,1,0,11,2,3,0,59545,46077,13,1,31.966666666667,31:58,Gate,Leona,Support,Immortals,0,2,0,5836,32,1.00104275286756,182.56517205422125,0.0,0.0,-2.0,0.0,0.64,0,-1.3599999999999999
